#
# There is insufficient memory for the Java Runtime Environment to continue.
# Native memory allocation (mmap) failed to map 65536 bytes. Error detail: Failed to commit metaspace.
# Possible reasons:
#   The system is out of physical RAM or swap space
#   This process is running with CompressedOops enabled, and the Java Heap may be blocking the growth of the native heap
# Possible solutions:
#   Reduce memory load on the system
#   Increase physical memory or swap space
#   Check if swap backing store is full
#   Decrease Java heap size (-Xmx/-Xms)
#   Decrease number of Java threads
#   Decrease Java thread stack sizes (-Xss)
#   Set larger code cache with -XX:ReservedCodeCacheSize=
#   JVM is running with Unscaled Compressed Oops mode in which the Java heap is
#     placed in the first 4GB address space. The Java Heap base address is the
#     maximum limit for the native heap growth. Please use -XX:HeapBaseMinAddress
#     to set the Java Heap base and to place the Java Heap above 4GB virtual address.
# This output file may be truncated or incomplete.
#
#  Out of Memory Error (virtualSpaceNode.cpp:110), pid=16056, tid=17324
#
# JRE version: OpenJDK Runtime Environment Microsoft-13106358 (17.0.18+8) (build 17.0.18+8-LTS)
# Java VM: OpenJDK 64-Bit Server VM Microsoft-13106358 (17.0.18+8-LTS, mixed mode, sharing, tiered, compressed oops, compressed class ptrs, g1 gc, windows-amd64)
# No core dump will be written. Minidumps are not enabled by default on client versions of Windows
#

---------------  S U M M A R Y ------------

Command Line: -XX:MaxMetaspaceSize=512m --add-opens=java.base/java.util=ALL-UNNAMED --add-opens=java.base/java.lang=ALL-UNNAMED --add-opens=java.base/java.lang.invoke=ALL-UNNAMED --add-opens=java.prefs/java.util.prefs=ALL-UNNAMED --add-opens=java.base/java.nio.charset=ALL-UNNAMED --add-opens=java.base/java.net=ALL-UNNAMED --add-opens=java.base/java.util.concurrent.atomic=ALL-UNNAMED -Xmx2048m -Dfile.encoding=windows-1252 -Duser.country=US -Duser.language=en -Duser.variant -javaagent:C:\Users\valmi\.gradle\wrapper\dists\gradle-8.3-all\6en3ugtfdg5xnpx44z4qbwgas\gradle-8.3\lib\agents\gradle-instrumentation-agent-8.3.jar org.gradle.launcher.daemon.bootstrap.GradleDaemon 8.3

Host: 11th Gen Intel(R) Core(TM) i5-1135G7 @ 2.40GHz, 8 cores, 7G,  Windows 11 , 64 bit Build 26100 (10.0.26100.8521)
Time: Mon Jul 13 19:09:21 2026 India Standard Time elapsed time: 309.405702 seconds (0d 0h 5m 9s)

---------------  T H R E A D  ---------------

Current thread (0x000001f0784f8140):  JavaThread "Daemon worker" [_thread_in_vm, id=17324, stack(0x0000005e18800000,0x0000005e18900000)]

Stack: [0x0000005e18800000,0x0000005e18900000]
Native frames: (J=compiled Java code, j=interpreted, Vv=VM code, C=native code)
V  [jvm.dll+0x68c879]  (no source info available)
V  [jvm.dll+0x845979]  (no source info available)
V  [jvm.dll+0x8476e8]  (no source info available)
V  [jvm.dll+0x847d73]  (no source info available)
V  [jvm.dll+0x24cf6f]  (no source info available)
V  [jvm.dll+0x841757]  (no source info available)
V  [jvm.dll+0x6330db]  (no source info available)
V  [jvm.dll+0x1c4c0d]  (no source info available)
V  [jvm.dll+0x635a62]  (no source info available)
V  [jvm.dll+0x633a96]  (no source info available)
V  [jvm.dll+0x241370]  (no source info available)
V  [jvm.dll+0x63daa5]  (no source info available)
V  [jvm.dll+0x1ee7a5]  (no source info available)
V  [jvm.dll+0x1eecb5]  (no source info available)
V  [jvm.dll+0x1ef65c]  (no source info available)
V  [jvm.dll+0x1e4f61]  (no source info available)
V  [jvm.dll+0x551f39]  (no source info available)
V  [jvm.dll+0x7bfecb]  (no source info available)
V  [jvm.dll+0x7bffc4]  (no source info available)
V  [jvm.dll+0x41db14]  (no source info available)
V  [jvm.dll+0x424649]  (no source info available)
C  [java.dll+0x1818]  (no source info available)

Java frames: (J=compiled Java code, j=interpreted, Vv=VM code)
J 695  java.lang.ClassLoader.defineClass1(Ljava/lang/ClassLoader;Ljava/lang/String;[BIILjava/security/ProtectionDomain;Ljava/lang/String;)Ljava/lang/Class; java.base@17.0.18 (0 bytes) @ 0x000001f063b54c83 [0x000001f063b54bc0+0x00000000000000c3]
J 10456 c2 java.lang.ClassLoader.defineClass(Ljava/lang/String;[BIILjava/security/ProtectionDomain;)Ljava/lang/Class; java.base@17.0.18 (43 bytes) @ 0x000001f06406a698 [0x000001f06406a5e0+0x00000000000000b8]
J 4659 c2 java.security.SecureClassLoader.defineClass(Ljava/lang/String;[BIILjava/security/CodeSource;)Ljava/lang/Class; java.base@17.0.18 (16 bytes) @ 0x000001f063db68f4 [0x000001f063db67c0+0x0000000000000134]
J 12641 c2 java.net.URLClassLoader$1.run()Ljava/lang/Object; java.base@17.0.18 (5 bytes) @ 0x000001f064251c74 [0x000001f064250d40+0x0000000000000f34]
J 6306 c2 java.net.URLClassLoader.findClass(Ljava/lang/String;)Ljava/lang/Class; java.base@17.0.18 (47 bytes) @ 0x000001f063c123bc [0x000001f063c12300+0x00000000000000bc]
J 6039 c1 org.gradle.internal.classloader.VisitableURLClassLoader$InstrumentingVisitableURLClassLoader.findClass(Ljava/lang/String;)Ljava/lang/Class; (36 bytes) @ 0x000001f05c284ae4 [0x000001f05c284a20+0x00000000000000c4]
J 4733 c2 java.lang.ClassLoader.loadClass(Ljava/lang/String;Z)Ljava/lang/Class; java.base@17.0.18 (121 bytes) @ 0x000001f063dc2a54 [0x000001f063dc27a0+0x00000000000002b4]
J 4356 c2 java.lang.ClassLoader.loadClass(Ljava/lang/String;)Ljava/lang/Class; java.base@17.0.18 (7 bytes) @ 0x000001f063d622e0 [0x000001f063d622a0+0x0000000000000040]
v  ~StubRoutines::call_stub
j  com.sun.xml.bind.v2.model.impl.RuntimeBuiltinLeafInfoImpl.<clinit>()V+1143
v  ~StubRoutines::call_stub
j  com.sun.xml.bind.v2.model.impl.RuntimeTypeInfoSetImpl.<init>(Lcom/sun/xml/bind/v2/model/annotation/AnnotationReader;)V+5
j  com.sun.xml.bind.v2.model.impl.RuntimeModelBuilder.createTypeInfoSet()Lcom/sun/xml/bind/v2/model/impl/RuntimeTypeInfoSetImpl;+8
j  com.sun.xml.bind.v2.model.impl.RuntimeModelBuilder.createTypeInfoSet()Lcom/sun/xml/bind/v2/model/impl/TypeInfoSetImpl;+1
j  com.sun.xml.bind.v2.model.impl.ModelBuilder.<init>(Lcom/sun/xml/bind/v2/model/annotation/AnnotationReader;Lcom/sun/xml/bind/v2/model/nav/Navigator;Ljava/util/Map;Ljava/lang/String;)V+80
j  com.sun.xml.bind.v2.model.impl.RuntimeModelBuilder.<init>(Lcom/sun/xml/bind/v2/runtime/JAXBContextImpl;Lcom/sun/xml/bind/v2/model/annotation/RuntimeAnnotationReader;Ljava/util/Map;Ljava/lang/String;)V+8
j  com.sun.xml.bind.v2.runtime.JAXBContextImpl.getTypeInfoSet()Lcom/sun/xml/bind/v2/model/runtime/RuntimeTypeInfoSet;+41
j  com.sun.xml.bind.v2.runtime.JAXBContextImpl.<init>(Lcom/sun/xml/bind/v2/runtime/JAXBContextImpl$JAXBContextBuilder;)V+258
j  com.sun.xml.bind.v2.runtime.JAXBContextImpl.<init>(Lcom/sun/xml/bind/v2/runtime/JAXBContextImpl$JAXBContextBuilder;Lcom/sun/xml/bind/v2/runtime/JAXBContextImpl$1;)V+2
j  com.sun.xml.bind.v2.runtime.JAXBContextImpl$JAXBContextBuilder.build()Lcom/sun/xml/bind/v2/runtime/JAXBContextImpl;+65
j  com.sun.xml.bind.v2.ContextFactory.createContext([Ljava/lang/Class;Ljava/util/Map;)Ljavax/xml/bind/JAXBContext;+504
j  com.sun.xml.bind.v2.ContextFactory.createContext(Ljava/lang/String;Ljava/lang/ClassLoader;Ljava/util/Map;)Ljavax/xml/bind/JAXBContext;+173
v  ~StubRoutines::call_stub
J 2178  jdk.internal.reflect.NativeMethodAccessorImpl.invoke0(Ljava/lang/reflect/Method;Ljava/lang/Object;[Ljava/lang/Object;)Ljava/lang/Object; java.base@17.0.18 (0 bytes) @ 0x000001f063c0f0c7 [0x000001f063c0f040+0x0000000000000087]
J 2589 c1 jdk.internal.reflect.NativeMethodAccessorImpl.invoke(Ljava/lang/Object;[Ljava/lang/Object;)Ljava/lang/Object; java.base@17.0.18 (137 bytes) @ 0x000001f05c5685c4 [0x000001f05c567c00+0x00000000000009c4]
J 12250 c2 java.lang.reflect.Method.invoke(Ljava/lang/Object;[Ljava/lang/Object;)Ljava/lang/Object; java.base@17.0.18 (65 bytes) @ 0x000001f0641f2680 [0x000001f0641f23a0+0x00000000000002e0]
j  javax.xml.bind.ContextFinder.newInstance(Ljava/lang/String;[Ljava/lang/Class;Ljava/lang/Class;Ljava/lang/ClassLoader;Ljava/util/Map;)Ljavax/xml/bind/JAXBContext;+62
j  javax.xml.bind.ContextFinder.newInstance(Ljava/lang/String;[Ljava/lang/Class;Ljava/lang/String;Ljava/lang/ClassLoader;Ljava/util/Map;)Ljavax/xml/bind/JAXBContext;+16
j  javax.xml.bind.ContextFinder.find(Ljava/lang/String;Ljava/lang/String;Ljava/lang/ClassLoader;Ljava/util/Map;)Ljavax/xml/bind/JAXBContext;+156
j  javax.xml.bind.JAXBContext.newInstance(Ljava/lang/String;Ljava/lang/ClassLoader;Ljava/util/Map;)Ljavax/xml/bind/JAXBContext;+5
j  javax.xml.bind.JAXBContext.newInstance(Ljava/lang/String;Ljava/lang/ClassLoader;)Ljavax/xml/bind/JAXBContext;+5
j  com.android.repository.impl.meta.SchemaModuleUtil.getContext(Ljava/util/Collection;)Ljavax/xml/bind/JAXBContext;+125
j  com.android.repository.impl.meta.SchemaModuleUtil.setupUnmarshaller(Ljava/io/InputStream;Ljava/util/Collection;ZLcom/android/repository/api/ProgressIndicator;Ljava/lang/String;)Ljavax/xml/bind/Unmarshaller;+1
j  com.android.repository.impl.meta.SchemaModuleUtil.unmarshal(Ljava/io/InputStream;Ljava/util/Collection;ZLcom/android/repository/api/ProgressIndicator;Ljava/lang/String;)Ljava/lang/Object;+6
j  com.android.build.gradle.internal.SdkParsingUtilsKt.parsePackage(Ljava/io/File;)Lcom/android/repository/api/LocalPackage;+66
j  com.android.build.gradle.internal.SdkParsingUtilsKt.buildBuildTools(Ljava/io/File;Lcom/android/repository/Revision;)Lcom/android/sdklib/BuildToolInfo;+45
j  com.android.build.gradle.internal.SdkDirectLoadingStrategy.loadSdkComponents(Ljava/lang/String;Lcom/android/repository/Revision;)Lcom/android/build/gradle/internal/SdkDirectLoadingStrategy$DirectLoadComponents;+85
j  com.android.build.gradle.internal.SdkDirectLoadingStrategy.init()Lcom/android/build/gradle/internal/SdkDirectLoadingStrategy$DirectLoadComponents;+69
j  com.android.build.gradle.internal.SdkDirectLoadingStrategy.access$init(Lcom/android/build/gradle/internal/SdkDirectLoadingStrategy;)Lcom/android/build/gradle/internal/SdkDirectLoadingStrategy$DirectLoadComponents;+1
j  com.android.build.gradle.internal.SdkDirectLoadingStrategy$components$2.invoke()Lcom/android/build/gradle/internal/SdkDirectLoadingStrategy$DirectLoadComponents;+4
j  com.android.build.gradle.internal.SdkDirectLoadingStrategy$components$2.invoke()Ljava/lang/Object;+1
J 9963 c1 kotlin.SynchronizedLazyImpl.getValue()Ljava/lang/Object; (92 bytes) @ 0x000001f05c6a63e4 [0x000001f05c6a5fc0+0x0000000000000424]
j  com.android.build.gradle.internal.SdkDirectLoadingStrategy.getComponents()Lcom/android/build/gradle/internal/SdkDirectLoadingStrategy$DirectLoadComponents;+6
j  com.android.build.gradle.internal.SdkDirectLoadingStrategy.loadedSuccessfully()Z+1
j  com.android.build.gradle.internal.SdkLoadingStrategy.getCoreForSystemModulesJar()Ljava/io/File;+4
j  com.android.build.gradle.internal.SdkComponentsBuildService$VersionedSdkLoader$coreForSystemModulesProvider$1.call()Ljava/io/File;+7
j  com.android.build.gradle.internal.SdkComponentsBuildService$VersionedSdkLoader$coreForSystemModulesProvider$1.call()Ljava/lang/Object;+1
J 9409 c1 org.gradle.api.internal.provider.DefaultProvider.calculateOwnValue(Lorg/gradle/api/internal/provider/ValueSupplier$ValueConsumer;)Lorg/gradle/api/internal/provider/ValueSupplier$Value; (19 bytes) @ 0x000001f05d09c90c [0x000001f05d09c800+0x000000000000010c]
J 7991 c1 org.gradle.api.internal.provider.AbstractMinimalProvider.calculateValue(Lorg/gradle/api/internal/provider/ValueSupplier$ValueConsumer;)Lorg/gradle/api/internal/provider/ValueSupplier$Value; (15 bytes) @ 0x000001f05cdbefec [0x000001f05cdbeee0+0x000000000000010c]
j  org.gradle.api.internal.provider.FlatMapProvider.calculateOwnValue(Lorg/gradle/api/internal/provider/ValueSupplier$ValueConsumer;)Lorg/gradle/api/internal/provider/ValueSupplier$Value;+33
J 10080 c1 org.gradle.api.internal.provider.AbstractMinimalProvider.calculateOwnPresentValue()Lorg/gradle/api/internal/provider/ValueSupplier$Value; (32 bytes) @ 0x000001f05c79aa14 [0x000001f05c79a900+0x0000000000000114]
J 12468 c1 org.gradle.api.internal.provider.AbstractMinimalProvider.get()Ljava/lang/Object; (10 bytes) @ 0x000001f05d539434 [0x000001f05d539340+0x00000000000000f4]
j  org.gradle.api.internal.provider.ProviderResolutionStrategy$2.resolve(Lorg/gradle/api/provider/Provider;)Ljava/lang/Object;+1
j  org.gradle.api.internal.file.collections.ProviderBackedFileCollection.visitDependencies(Lorg/gradle/api/internal/tasks/TaskDependencyResolveContext;)V+69
J 7837 c1 org.gradle.api.internal.AbstractTaskDependencyContainerVisitingContext.add(Ljava/lang/Object;)V (47 bytes) @ 0x000001f05cd64ce4 [0x000001f05cd64880+0x0000000000000464]
j  org.gradle.api.internal.file.CompositeFileCollection$$Lambda$1406+0x000001f0018f4388.accept(Ljava/lang/Object;)V+8
J 8550 c1 org.gradle.api.internal.file.collections.UnpackingVisitor.add(Ljava/lang/Object;)V (363 bytes) @ 0x000001f05ceaa11c [0x000001f05cea7ac0+0x000000000000265c]
J 15322 c1 org.gradle.api.internal.file.collections.DefaultConfigurableFileCollection$UnresolvedItemsCollector.visitContents(Ljava/util/function/Consumer;)V (58 bytes) @ 0x000001f05da2e214 [0x000001f05da2e100+0x0000000000000114]
J 15184 c1 org.gradle.api.internal.file.collections.DefaultConfigurableFileCollection.visitChildren(Ljava/util/function/Consumer;)V (137 bytes) @ 0x000001f05d9f6b24 [0x000001f05d9f6800+0x0000000000000324]
j  org.gradle.api.internal.file.CompositeFileCollection.visitDependencies(Lorg/gradle/api/internal/tasks/TaskDependencyResolveContext;)V+12
j  org.gradle.api.internal.file.collections.DefaultConfigurableFileCollection.visitDependencies(Lorg/gradle/api/internal/tasks/TaskDependencyResolveContext;)V+12
J 7837 c1 org.gradle.api.internal.AbstractTaskDependencyContainerVisitingContext.add(Ljava/lang/Object;)V (47 bytes) @ 0x000001f05cd64ce4 [0x000001f05cd64880+0x0000000000000464]
j  org.gradle.api.internal.file.AbstractFileCollection.lambda$getBuildDependencies$0(Lorg/gradle/api/internal/tasks/TaskDependencyResolveContext;)V+2
j  org.gradle.api.internal.file.AbstractFileCollection$$Lambda$785+0x000001f0015bd148.accept(Ljava/lang/Object;)V+8
j  org.gradle.api.internal.tasks.DefaultTaskDependency.visitDependencies(Lorg/gradle/api/internal/tasks/TaskDependencyResolveContext;)V+582
J 7837 c1 org.gradle.api.internal.AbstractTaskDependencyContainerVisitingContext.add(Ljava/lang/Object;)V (47 bytes) @ 0x000001f05cd64ce4 [0x000001f05cd64880+0x0000000000000464]
j  org.gradle.api.internal.artifacts.ivyservice.resolveengine.artifact.LocalFileDependencyBackedArtifactSet.visitDependencies(Lorg/gradle/api/internal/tasks/TaskDependencyResolveContext;)V+15
J 7837 c1 org.gradle.api.internal.AbstractTaskDependencyContainerVisitingContext.add(Ljava/lang/Object;)V (47 bytes) @ 0x000001f05cd64ce4 [0x000001f05cd64880+0x0000000000000464]
j  org.gradle.api.internal.artifacts.ivyservice.resolveengine.artifact.BuildDependenciesOnlyVisitedArtifactSet$BuildDependenciesOnlySelectedArtifactSet.visitDependencies(Lorg/gradle/api/internal/tasks/TaskDependencyResolveContext;)V+49
j  org.gradle.api.internal.artifacts.configurations.ResolutionBackedFileCollection.visitDependencies(Lorg/gradle/api/internal/tasks/TaskDependencyResolveContext;)V+24
J 16666 c1 org.gradle.api.internal.tasks.CachingTaskDependencyResolveContext$TaskGraphImpl.getNodeValues(Ljava/lang/Object;Ljava/util/Collection;Ljava/util/Collection;)V (172 bytes) @ 0x000001f05c1d4f0c [0x000001f05c1d35a0+0x000000000000196c]
J 16665 c1 org.gradle.internal.graph.CachingDirectedGraphWalker$GraphWithEmptyEdges.getNodeValues(Ljava/lang/Object;Ljava/util/Collection;Ljava/util/Collection;)V (13 bytes) @ 0x000001f05d8e4c44 [0x000001f05d8e4b40+0x0000000000000104]
j  org.gradle.internal.graph.CachingDirectedGraphWalker.doSearch()Ljava/util/Set;+174
j  org.gradle.internal.graph.CachingDirectedGraphWalker.findValues()Ljava/util/Set;+1
j  org.gradle.api.internal.tasks.CachingTaskDependencyResolveContext.getDependencies(Lorg/gradle/api/Task;Ljava/lang/Object;)Ljava/util/Set;+40
j  org.gradle.api.internal.tasks.AbstractTaskDependency.getDependenciesForInternalUse(Lorg/gradle/api/Task;)Ljava/util/Set;+30
j  org.gradle.api.internal.tasks.TaskDependencyUtil.getDependenciesForInternalUse(Lorg/gradle/api/tasks/TaskDependency;Lorg/gradle/api/Task;)Ljava/util/Set;+12
j  org.gradle.api.internal.provider.BuildableBackedProvider.buildableDependencies()Ljava/util/Set;+10
j  org.gradle.api.internal.provider.BuildableBackedProvider.access$000(Lorg/gradle/api/internal/provider/BuildableBackedProvider;)Ljava/util/Set;+1
j  org.gradle.api.internal.provider.BuildableBackedProvider$1.visitProducerTasks(Lorg/gradle/api/Action;)V+4
j  org.gradle.api.internal.file.collections.ProviderBackedFileCollection.visitDependencies(Lorg/gradle/api/internal/tasks/TaskDependencyResolveContext;)V+21
J 16666 c1 org.gradle.api.internal.tasks.CachingTaskDependencyResolveContext$TaskGraphImpl.getNodeValues(Ljava/lang/Object;Ljava/util/Collection;Ljava/util/Collection;)V (172 bytes) @ 0x000001f05c1d4f0c [0x000001f05c1d35a0+0x000000000000196c]
J 16665 c1 org.gradle.internal.graph.CachingDirectedGraphWalker$GraphWithEmptyEdges.getNodeValues(Ljava/lang/Object;Ljava/util/Collection;Ljava/util/Collection;)V (13 bytes) @ 0x000001f05d8e4c44 [0x000001f05d8e4b40+0x0000000000000104]
j  org.gradle.internal.graph.CachingDirectedGraphWalker.doSearch()Ljava/util/Set;+174
j  org.gradle.internal.graph.CachingDirectedGraphWalker.findValues()Ljava/util/Set;+1
j  org.gradle.api.internal.tasks.CachingTaskDependencyResolveContext.getDependencies(Lorg/gradle/api/Task;Ljava/lang/Object;)Ljava/util/Set;+40
j  org.gradle.execution.plan.TaskDependencyResolver.resolveDependenciesFor(Lorg/gradle/api/internal/TaskInternal;Ljava/lang/Object;)Ljava/util/Set;+6
j  org.gradle.execution.plan.LocalTaskNode.getDependencies(Lorg/gradle/execution/plan/TaskDependencyResolver;)Ljava/util/Set;+14
j  org.gradle.execution.plan.LocalTaskNode.resolveDependencies(Lorg/gradle/execution/plan/TaskDependencyResolver;)V+20
j  org.gradle.execution.plan.DefaultExecutionPlan.discoverNodeRelationships(Ljava/util/LinkedList;)V+115
j  org.gradle.execution.plan.DefaultExecutionPlan.doAddEntryNodes(Ljava/util/SortedSet;I)V+91
j  org.gradle.execution.plan.DefaultExecutionPlan.addEntryTasks(Ljava/util/Collection;I)V+63
j  org.gradle.execution.plan.DefaultExecutionPlan.addEntryTasks(Ljava/util/Collection;)V+13
j  org.gradle.execution.TaskNameResolvingBuildTaskScheduler.scheduleRequestedTasks(Lorg/gradle/api/internal/GradleInternal;Lorg/gradle/execution/EntryTaskSelector;Lorg/gradle/execution/plan/ExecutionPlan;)V+130
j  org.gradle.execution.DefaultTasksBuildTaskScheduler.scheduleRequestedTasks(Lorg/gradle/api/internal/GradleInternal;Lorg/gradle/execution/EntryTaskSelector;Lorg/gradle/execution/plan/ExecutionPlan;)V+184
j  org.gradle.initialization.DefaultTaskExecutionPreparer.lambda$scheduleRequestedTasks$0(Lorg/gradle/api/internal/GradleInternal;Lorg/gradle/execution/EntryTaskSelector;Lorg/gradle/execution/plan/ExecutionPlan;)V+7
j  org.gradle.initialization.DefaultTaskExecutionPreparer$$Lambda$2015+0x000001f001e8d0a8.run()V+16
J 14097 c1 org.gradle.internal.Factories$1.create()Ljava/lang/Object; (11 bytes) @ 0x000001f05d7798c4 [0x000001f05d7797c0+0x0000000000000104]
j  org.gradle.internal.work.DefaultWorkerLeaseService.withReplacedLocks(Ljava/util/Collection;Lorg/gradle/internal/resources/ResourceLock;Lorg/gradle/internal/Factory;)Ljava/lang/Object;+40
j  org.gradle.api.internal.project.DefaultProjectStateRegistry$DefaultBuildProjectRegistry.withMutableStateOfAllProjects(Lorg/gradle/internal/Factory;)Ljava/lang/Object;+36
j  org.gradle.api.internal.project.DefaultProjectStateRegistry$DefaultBuildProjectRegistry.withMutableStateOfAllProjects(Ljava/lang/Runnable;)V+5
j  org.gradle.initialization.DefaultTaskExecutionPreparer.scheduleRequestedTasks(Lorg/gradle/api/internal/GradleInternal;Lorg/gradle/execution/EntryTaskSelector;Lorg/gradle/execution/plan/ExecutionPlan;)V+20
j  org.gradle.initialization.VintageBuildModelController.lambda$scheduleRequestedTasks$0(Lorg/gradle/execution/EntryTaskSelector;Lorg/gradle/execution/plan/ExecutionPlan;)V+10
j  org.gradle.initialization.VintageBuildModelController$$Lambda$2014+0x000001f001e8ce88.run()V+12
j  org.gradle.internal.model.StateTransitionController.lambda$inState$1(Ljava/lang/Runnable;)Ljava/lang/Object;+1
j  org.gradle.internal.model.StateTransitionController$$Lambda$260+0x000001f0012eada8.get()Ljava/lang/Object;+4
j  org.gradle.internal.model.StateTransitionController.lambda$inState$2(Lorg/gradle/internal/model/StateTransitionController$State;Ljava/util/function/Supplier;)Ljava/lang/Object;+11
j  org.gradle.internal.model.StateTransitionController$$Lambda$261+0x000001f0012eafc8.create()Ljava/lang/Object;+12
j  org.gradle.internal.work.DefaultSynchronizer.withLock(Lorg/gradle/internal/Factory;)Ljava/lang/Object;+6
j  org.gradle.internal.model.StateTransitionController.inState(Lorg/gradle/internal/model/StateTransitionController$State;Ljava/util/function/Supplier;)Ljava/lang/Object;+12
j  org.gradle.internal.model.StateTransitionController.inState(Lorg/gradle/internal/model/StateTransitionController$State;Ljava/lang/Runnable;)V+8
j  org.gradle.initialization.VintageBuildModelController.scheduleRequestedTasks(Lorg/gradle/execution/EntryTaskSelector;Lorg/gradle/execution/plan/ExecutionPlan;)V+15
j  org.gradle.internal.build.DefaultBuildLifecycleController$DefaultWorkGraphBuilder.addRequestedTasks(Lorg/gradle/execution/EntryTaskSelector;)V+12
j  org.gradle.internal.buildtree.DefaultBuildTreeWorkPreparer.lambda$scheduleRequestedTasks$0(Lorg/gradle/execution/EntryTaskSelector;Lorg/gradle/internal/build/BuildLifecycleController$WorkGraphBuilder;)V+2
j  org.gradle.internal.buildtree.DefaultBuildTreeWorkPreparer$$Lambda$2013+0x000001f001e8cc58.accept(Ljava/lang/Object;)V+8
j  org.gradle.internal.build.DefaultBuildLifecycleController.lambda$populateWorkGraph$7(Ljava/util/function/Consumer;Lorg/gradle/execution/plan/ExecutionPlan;)V+10
j  org.gradle.internal.build.DefaultBuildLifecycleController$$Lambda$1395+0x000001f0018f0648.accept(Ljava/lang/Object;)V+12
j  org.gradle.internal.build.DefaultBuildWorkPreparer.populateWorkGraph(Lorg/gradle/api/internal/GradleInternal;Lorg/gradle/execution/plan/ExecutionPlan;Ljava/util/function/Consumer;)V+2
j  org.gradle.internal.build.BuildOperationFiringBuildWorkPreparer$PopulateWorkGraph.populateTaskGraph()V+16
j  org.gradle.internal.build.BuildOperationFiringBuildWorkPreparer$PopulateWorkGraph.run(Lorg/gradle/internal/operations/BuildOperationContext;)V+1
J 16119 c2 org.gradle.internal.operations.DefaultBuildOperationRunner$1.execute(Lorg/gradle/internal/operations/BuildOperation;Lorg/gradle/internal/operations/BuildOperationContext;)V (10 bytes) @ 0x000001f063bef084 [0x000001f063beef40+0x0000000000000144]
J 15605 c2 org.gradle.internal.operations.DefaultBuildOperationRunner.execute(Lorg/gradle/internal/operations/BuildOperation;Lorg/gradle/internal/operations/BuildOperationWorker;Lorg/gradle/internal/operations/BuildOperationState;)V (23 bytes) @ 0x000001f0643d2d3c [0x000001f0643d0f40+0x0000000000001dfc]
J 7068 c1 org.gradle.internal.operations.DefaultBuildOperationRunner.run(Lorg/gradle/internal/operations/RunnableBuildOperation;)V (13 bytes) @ 0x000001f05cc132d4 [0x000001f05cc12f00+0x00000000000003d4]
J 7067 c1 org.gradle.internal.operations.DefaultBuildOperationExecutor.run(Lorg/gradle/internal/operations/RunnableBuildOperation;)V (11 bytes) @ 0x000001f05cc12b44 [0x000001f05cc12a40+0x0000000000000104]
j  org.gradle.internal.build.BuildOperationFiringBuildWorkPreparer.populateWorkGraph(Lorg/gradle/api/internal/GradleInternal;Lorg/gradle/execution/plan/ExecutionPlan;Ljava/util/function/Consumer;)V+22
j  org.gradle.internal.build.DefaultBuildLifecycleController.lambda$populateWorkGraph$8(Lorg/gradle/internal/build/DefaultBuildLifecycleController$DefaultBuildWorkPlan;Ljava/util/function/Consumer;)V+19
j  org.gradle.internal.build.DefaultBuildLifecycleController$$Lambda$1394+0x000001f0018f0428.run()V+12
j  org.gradle.internal.model.StateTransitionController.lambda$inState$1(Ljava/lang/Runnable;)Ljava/lang/Object;+1
j  org.gradle.internal.model.StateTransitionController$$Lambda$260+0x000001f0012eada8.get()Ljava/lang/Object;+4
j  org.gradle.internal.model.StateTransitionController.lambda$inState$2(Lorg/gradle/internal/model/StateTransitionController$State;Ljava/util/function/Supplier;)Ljava/lang/Object;+11
j  org.gradle.internal.model.StateTransitionController$$Lambda$261+0x000001f0012eafc8.create()Ljava/lang/Object;+12
j  org.gradle.internal.work.DefaultSynchronizer.withLock(Lorg/gradle/internal/Factory;)Ljava/lang/Object;+6
j  org.gradle.internal.model.StateTransitionController.inState(Lorg/gradle/internal/model/StateTransitionController$State;Ljava/util/function/Supplier;)Ljava/lang/Object;+12
j  org.gradle.internal.model.StateTransitionController.inState(Lorg/gradle/internal/model/StateTransitionController$State;Ljava/lang/Runnable;)V+8
j  org.gradle.internal.build.DefaultBuildLifecycleController.populateWorkGraph(Lorg/gradle/execution/plan/BuildWorkPlan;Ljava/util/function/Consumer;)V+27
j  org.gradle.internal.build.DefaultBuildWorkGraphController$DefaultBuildWorkGraph.populateWorkGraph(Ljava/util/function/Consumer;)V+26
j  org.gradle.composite.internal.DefaultBuildController.populateWorkGraph(Ljava/util/function/Consumer;)V+12
j  org.gradle.composite.internal.DefaultIncludedBuildTaskGraph$DefaultBuildTreeWorkGraphBuilder.withWorkGraph(Lorg/gradle/internal/build/BuildState;Ljava/util/function/Consumer;)V+6
j  org.gradle.internal.buildtree.DefaultBuildTreeWorkPreparer.lambda$scheduleRequestedTasks$1(Lorg/gradle/execution/EntryTaskSelector;Lorg/gradle/internal/buildtree/BuildTreeWorkGraph$Builder;)V+36
j  org.gradle.internal.buildtree.DefaultBuildTreeWorkPreparer$$Lambda$2012+0x000001f001e8ca28.accept(Ljava/lang/Object;)V+12
j  org.gradle.composite.internal.DefaultIncludedBuildTaskGraph$DefaultBuildTreeWorkGraph$1.run(Lorg/gradle/internal/operations/BuildOperationContext;)V+40
J 16119 c2 org.gradle.internal.operations.DefaultBuildOperationRunner$1.execute(Lorg/gradle/internal/operations/BuildOperation;Lorg/gradle/internal/operations/BuildOperationContext;)V (10 bytes) @ 0x000001f063bef084 [0x000001f063beef40+0x0000000000000144]
J 15605 c2 org.gradle.internal.operations.DefaultBuildOperationRunner.execute(Lorg/gradle/internal/operations/BuildOperation;Lorg/gradle/internal/operations/BuildOperationWorker;Lorg/gradle/internal/operations/BuildOperationState;)V (23 bytes) @ 0x000001f0643d2d3c [0x000001f0643d0f40+0x0000000000001dfc]
J 7068 c1 org.gradle.internal.operations.DefaultBuildOperationRunner.run(Lorg/gradle/internal/operations/RunnableBuildOperation;)V (13 bytes) @ 0x000001f05cc132d4 [0x000001f05cc12f00+0x00000000000003d4]
J 7067 c1 org.gradle.internal.operations.DefaultBuildOperationExecutor.run(Lorg/gradle/internal/operations/RunnableBuildOperation;)V (11 bytes) @ 0x000001f05cc12b44 [0x000001f05cc12a40+0x0000000000000104]
j  org.gradle.composite.internal.DefaultIncludedBuildTaskGraph$DefaultBuildTreeWorkGraph.scheduleWork(Ljava/util/function/Consumer;)Lorg/gradle/internal/buildtree/BuildTreeWorkGraph$FinalizedGraph;+34
j  org.gradle.internal.buildtree.DefaultBuildTreeWorkPreparer.scheduleRequestedTasks(Lorg/gradle/internal/buildtree/BuildTreeWorkGraph;Lorg/gradle/execution/EntryTaskSelector;)Lorg/gradle/internal/buildtree/BuildTreeWorkGraph$FinalizedGraph;+17
j  org.gradle.configurationcache.VintageBuildTreeWorkController$scheduleAndRunRequestedTasks$1.apply(Lorg/gradle/internal/buildtree/BuildTreeWorkGraph;)Lorg/gradle/internal/build/ExecutionResult;+18
j  org.gradle.configurationcache.VintageBuildTreeWorkController$scheduleAndRunRequestedTasks$1.apply(Ljava/lang/Object;)Ljava/lang/Object;+5
j  org.gradle.composite.internal.DefaultIncludedBuildTaskGraph.withNewWorkGraph(Ljava/util/function/Function;)Ljava/lang/Object;+30
j  org.gradle.configurationcache.VintageBuildTreeWorkController.scheduleAndRunRequestedTasks(Lorg/gradle/execution/EntryTaskSelector;)Lorg/gradle/internal/build/ExecutionResult;+16
j  org.gradle.internal.buildtree.DefaultBuildTreeLifecycleController.lambda$scheduleAndRunTasks$1(Lorg/gradle/execution/EntryTaskSelector;)Lorg/gradle/internal/build/ExecutionResult;+5
j  org.gradle.internal.buildtree.DefaultBuildTreeLifecycleController$$Lambda$263+0x000001f0012eb8f0.get()Ljava/lang/Object;+8
j  org.gradle.internal.buildtree.DefaultBuildTreeLifecycleController.lambda$runBuild$4(Ljava/util/function/Supplier;)Ljava/lang/Object;+1
j  org.gradle.internal.buildtree.DefaultBuildTreeLifecycleController$$Lambda$264+0x000001f0012ebb10.get()Ljava/lang/Object;+8
j  org.gradle.internal.model.StateTransitionController.lambda$transition$6(Ljava/util/function/Supplier;)Lorg/gradle/internal/build/ExecutionResult;+1
j  org.gradle.internal.model.StateTransitionController$$Lambda$266+0x000001f0012ebf50.get()Ljava/lang/Object;+4
j  org.gradle.internal.model.StateTransitionController.doTransition(Lorg/gradle/internal/model/StateTransitionController$State;Lorg/gradle/internal/model/StateTransitionController$State;Ljava/util/function/Supplier;)Lorg/gradle/internal/build/ExecutionResult;+24
j  org.gradle.internal.model.StateTransitionController.lambda$transition$7(Lorg/gradle/internal/model/StateTransitionController$State;Lorg/gradle/internal/model/StateTransitionController$State;Ljava/util/function/Supplier;)Ljava/lang/Object;+9
j  org.gradle.internal.model.StateTransitionController$$Lambda$265+0x000001f0012ebd30.create()Ljava/lang/Object;+16
j  org.gradle.internal.work.DefaultSynchronizer.withLock(Lorg/gradle/internal/Factory;)Ljava/lang/Object;+6
j  org.gradle.internal.model.StateTransitionController.transition(Lorg/gradle/internal/model/StateTransitionController$State;Lorg/gradle/internal/model/StateTransitionController$State;Ljava/util/function/Supplier;)Ljava/lang/Object;+13
j  org.gradle.internal.buildtree.DefaultBuildTreeLifecycleController.runBuild(Ljava/util/function/Supplier;)Ljava/lang/Object;+17
j  org.gradle.internal.buildtree.DefaultBuildTreeLifecycleController.scheduleAndRunTasks(Lorg/gradle/execution/EntryTaskSelector;)V+8
j  org.gradle.internal.buildtree.DefaultBuildTreeLifecycleController.scheduleAndRunTasks()V+2
j  org.gradle.tooling.internal.provider.ExecuteBuildActionRunner.run(Lorg/gradle/internal/invocation/BuildAction;Lorg/gradle/internal/buildtree/BuildTreeLifecycleController;)Lorg/gradle/internal/buildtree/BuildActionRunner$Result;+12
j  org.gradle.launcher.exec.ChainingBuildActionRunner.run(Lorg/gradle/internal/invocation/BuildAction;Lorg/gradle/internal/buildtree/BuildTreeLifecycleController;)Lorg/gradle/internal/buildtree/BuildActionRunner$Result;+34
j  org.gradle.internal.buildtree.ProblemReportingBuildActionRunner.run(Lorg/gradle/internal/invocation/BuildAction;Lorg/gradle/internal/buildtree/BuildTreeLifecycleController;)Lorg/gradle/internal/buildtree/BuildActionRunner$Result;+12
j  org.gradle.launcher.exec.BuildOutcomeReportingBuildActionRunner.run(Lorg/gradle/internal/invocation/BuildAction;Lorg/gradle/internal/buildtree/BuildTreeLifecycleController;)Lorg/gradle/internal/buildtree/BuildActionRunner$Result;+69
j  org.gradle.tooling.internal.provider.FileSystemWatchingBuildActionRunner.run(Lorg/gradle/internal/invocation/BuildAction;Lorg/gradle/internal/buildtree/BuildTreeLifecycleController;)Lorg/gradle/internal/buildtree/BuildActionRunner$Result;+335
j  org.gradle.launcher.exec.BuildCompletionNotifyingBuildActionRunner.run(Lorg/gradle/internal/invocation/BuildAction;Lorg/gradle/internal/buildtree/BuildTreeLifecycleController;)Lorg/gradle/internal/buildtree/BuildActionRunner$Result;+6
j  org.gradle.launcher.exec.RootBuildLifecycleBuildActionExecutor.lambda$execute$0(Lorg/gradle/internal/invocation/BuildAction;Lorg/gradle/internal/buildtree/BuildTreeLifecycleController;)Lorg/gradle/internal/buildtree/BuildActionRunner$Result;+6
j  org.gradle.launcher.exec.RootBuildLifecycleBuildActionExecutor$$Lambda$222+0x000001f0012d0200.apply(Ljava/lang/Object;)Ljava/lang/Object;+12
j  org.gradle.composite.internal.DefaultRootBuildState.run(Ljava/util/function/Function;)Ljava/lang/Object;+87
j  org.gradle.launcher.exec.RootBuildLifecycleBuildActionExecutor.execute(Lorg/gradle/internal/invocation/BuildAction;Lorg/gradle/internal/buildtree/BuildTreeContext;)Lorg/gradle/internal/buildtree/BuildActionRunner$Result;+28
j  org.gradle.internal.buildtree.InitDeprecationLoggingActionExecutor.execute(Lorg/gradle/internal/invocation/BuildAction;Lorg/gradle/internal/buildtree/BuildTreeContext;)Lorg/gradle/internal/buildtree/BuildActionRunner$Result;+79
j  org.gradle.internal.buildtree.DefaultBuildTreeContext.execute(Lorg/gradle/internal/invocation/BuildAction;)Lorg/gradle/internal/buildtree/BuildActionRunner$Result;+64
j  org.gradle.launcher.exec.BuildTreeLifecycleBuildActionExecutor.lambda$execute$0(Lorg/gradle/internal/invocation/BuildAction;Lorg/gradle/internal/buildtree/BuildTreeContext;)Lorg/gradle/internal/buildtree/BuildActionRunner$Result;+2
j  org.gradle.launcher.exec.BuildTreeLifecycleBuildActionExecutor$$Lambda$177+0x000001f001231570.apply(Ljava/lang/Object;)Ljava/lang/Object;+8
j  org.gradle.internal.buildtree.BuildTreeState.run(Ljava/util/function/Function;)Ljava/lang/Object;+45
j  org.gradle.launcher.exec.BuildTreeLifecycleBuildActionExecutor.execute(Lorg/gradle/internal/invocation/BuildAction;Lorg/gradle/internal/session/BuildSessionContext;)Lorg/gradle/internal/buildtree/BuildActionRunner$Result;+181
j  org.gradle.launcher.exec.RunAsBuildOperationBuildActionExecutor$3.call(Lorg/gradle/internal/operations/BuildOperationContext;)Lorg/gradle/internal/buildtree/BuildActionRunner$Result;+25
j  org.gradle.launcher.exec.RunAsBuildOperationBuildActionExecutor$3.call(Lorg/gradle/internal/operations/BuildOperationContext;)Ljava/lang/Object;+2
j  org.gradle.internal.operations.DefaultBuildOperationRunner$CallableBuildOperationWorker.execute(Lorg/gradle/internal/operations/CallableBuildOperation;Lorg/gradle/internal/operations/BuildOperationContext;)V+3
j  org.gradle.internal.operations.DefaultBuildOperationRunner$CallableBuildOperationWorker.execute(Lorg/gradle/internal/operations/BuildOperation;Lorg/gradle/internal/operations/BuildOperationContext;)V+6
j  org.gradle.internal.operations.DefaultBuildOperationRunner$2.execute(Lorg/gradle/internal/operations/BuildOperationDescriptor;Lorg/gradle/internal/operations/BuildOperationState;Lorg/gradle/internal/operations/BuildOperationState;Lorg/gradle/internal/operations/DefaultBuildOperationRunner$ReadableBuildOperationContext;Lorg/gradle/internal/operations/DefaultBuildOperationRunner$BuildOperationExecutionListener;)Lorg/gradle/internal/operations/BuildOperation;+22
j  org.gradle.internal.operations.DefaultBuildOperationRunner$2.execute(Lorg/gradle/internal/operations/BuildOperationDescriptor;Lorg/gradle/internal/operations/BuildOperationState;Lorg/gradle/internal/operations/BuildOperationState;Lorg/gradle/internal/operations/DefaultBuildOperationRunner$ReadableBuildOperationContext;Lorg/gradle/internal/operations/DefaultBuildOperationRunner$BuildOperationExecutionListener;)Ljava/lang/Object;+8
j  org.gradle.internal.operations.DefaultBuildOperationRunner.execute(Lorg/gradle/internal/operations/BuildOperationDescriptor$Builder;Lorg/gradle/internal/operations/BuildOperationState;Lorg/gradle/internal/operations/DefaultBuildOperationRunner$BuildOperationExecution;)Ljava/lang/Object;+141
j  org.gradle.internal.operations.DefaultBuildOperationRunner.execute(Lorg/gradle/internal/operations/BuildOperation;Lorg/gradle/internal/operations/BuildOperationWorker;Lorg/gradle/internal/operations/BuildOperationState;)V+18
j  org.gradle.internal.operations.DefaultBuildOperationRunner.call(Lorg/gradle/internal/operations/CallableBuildOperation;)Ljava/lang/Object;+16
j  org.gradle.internal.operations.DefaultBuildOperationExecutor.call(Lorg/gradle/internal/operations/CallableBuildOperation;)Ljava/lang/Object;+5
j  org.gradle.launcher.exec.RunAsBuildOperationBuildActionExecutor.execute(Lorg/gradle/internal/invocation/BuildAction;Lorg/gradle/internal/session/BuildSessionContext;)Lorg/gradle/internal/buildtree/BuildActionRunner$Result;+23
j  org.gradle.launcher.exec.RunAsWorkerThreadBuildActionExecutor.lambda$execute$0(Lorg/gradle/internal/invocation/BuildAction;Lorg/gradle/internal/session/BuildSessionContext;)Lorg/gradle/internal/buildtree/BuildActionRunner$Result;+6
j  org.gradle.launcher.exec.RunAsWorkerThreadBuildActionExecutor$$Lambda$174+0x000001f0012109b0.create()Ljava/lang/Object;+12
j  org.gradle.internal.work.DefaultWorkerLeaseService.withLocks(Ljava/util/Collection;Lorg/gradle/internal/Factory;)Ljava/lang/Object;+28
j  org.gradle.internal.work.DefaultWorkerLeaseService.runAsWorkerThread(Lorg/gradle/internal/Factory;)Ljava/lang/Object;+33
j  org.gradle.launcher.exec.RunAsWorkerThreadBuildActionExecutor.execute(Lorg/gradle/internal/invocation/BuildAction;Lorg/gradle/internal/session/BuildSessionContext;)Lorg/gradle/internal/buildtree/BuildActionRunner$Result;+12
j  org.gradle.tooling.internal.provider.continuous.ContinuousBuildActionExecutor.execute(Lorg/gradle/internal/invocation/BuildAction;Lorg/gradle/internal/session/BuildSessionContext;)Lorg/gradle/internal/buildtree/BuildActionRunner$Result;+58
j  org.gradle.tooling.internal.provider.SubscribableBuildActionExecutor.execute(Lorg/gradle/internal/invocation/BuildAction;Lorg/gradle/internal/session/BuildSessionContext;)Lorg/gradle/internal/buildtree/BuildActionRunner$Result;+30
j  org.gradle.internal.session.DefaultBuildSessionContext.execute(Lorg/gradle/internal/invocation/BuildAction;)Lorg/gradle/internal/buildtree/BuildActionRunner$Result;+64
j  org.gradle.tooling.internal.provider.BuildSessionLifecycleBuildActionExecuter$ActionImpl.apply(Lorg/gradle/internal/session/BuildSessionContext;)Lorg/gradle/launcher/exec/BuildActionResult;+6
j  org.gradle.tooling.internal.provider.BuildSessionLifecycleBuildActionExecuter$ActionImpl.apply(Ljava/lang/Object;)Ljava/lang/Object;+5
j  org.gradle.internal.session.BuildSessionState.run(Ljava/util/function/Function;)Ljava/lang/Object;+5
j  org.gradle.tooling.internal.provider.BuildSessionLifecycleBuildActionExecuter.execute(Lorg/gradle/internal/invocation/BuildAction;Lorg/gradle/launcher/exec/BuildActionParameters;Lorg/gradle/initialization/BuildRequestContext;)Lorg/gradle/launcher/exec/BuildActionResult;+95
j  org.gradle.tooling.internal.provider.BuildSessionLifecycleBuildActionExecuter.execute(Lorg/gradle/internal/invocation/BuildAction;Ljava/lang/Object;Ljava/lang/Object;)Lorg/gradle/launcher/exec/BuildActionResult;+10
j  org.gradle.tooling.internal.provider.StartParamsValidatingActionExecuter.execute(Lorg/gradle/internal/invocation/BuildAction;Lorg/gradle/launcher/exec/BuildActionParameters;Lorg/gradle/initialization/BuildRequestContext;)Lorg/gradle/launcher/exec/BuildActionResult;+203
j  org.gradle.tooling.internal.provider.StartParamsValidatingActionExecuter.execute(Lorg/gradle/internal/invocation/BuildAction;Ljava/lang/Object;Ljava/lang/Object;)Lorg/gradle/launcher/exec/BuildActionResult;+10
j  org.gradle.tooling.internal.provider.SessionFailureReportingActionExecuter.execute(Lorg/gradle/internal/invocation/BuildAction;Lorg/gradle/launcher/exec/BuildActionParameters;Lorg/gradle/initialization/BuildRequestContext;)Lorg/gradle/launcher/exec/BuildActionResult;+7
j  org.gradle.tooling.internal.provider.SessionFailureReportingActionExecuter.execute(Lorg/gradle/internal/invocation/BuildAction;Ljava/lang/Object;Ljava/lang/Object;)Lorg/gradle/launcher/exec/BuildActionResult;+10
j  org.gradle.tooling.internal.provider.SetupLoggingActionExecuter.execute(Lorg/gradle/internal/invocation/BuildAction;Lorg/gradle/launcher/exec/BuildActionParameters;Lorg/gradle/initialization/BuildRequestContext;)Lorg/gradle/launcher/exec/BuildActionResult;+50
j  org.gradle.tooling.internal.provider.SetupLoggingActionExecuter.execute(Lorg/gradle/internal/invocation/BuildAction;Ljava/lang/Object;Ljava/lang/Object;)Lorg/gradle/launcher/exec/BuildActionResult;+10
j  org.gradle.launcher.daemon.server.exec.ExecuteBuild.doBuild(Lorg/gradle/launcher/daemon/server/api/DaemonCommandExecution;Lorg/gradle/launcher/daemon/protocol/Build;)V+117
j  org.gradle.launcher.daemon.server.exec.BuildCommandOnly.execute(Lorg/gradle/launcher/daemon/server/api/DaemonCommandExecution;)V+49
j  org.gradle.launcher.daemon.server.api.DaemonCommandExecution.proceed()Z+23
j  org.gradle.launcher.daemon.server.exec.WatchForDisconnection.execute(Lorg/gradle/launcher/daemon/server/api/DaemonCommandExecution;)V+19
j  org.gradle.launcher.daemon.server.api.DaemonCommandExecution.proceed()Z+23
j  org.gradle.launcher.daemon.server.exec.ResetDeprecationLogger.execute(Lorg/gradle/launcher/daemon/server/api/DaemonCommandExecution;)V+7
j  org.gradle.launcher.daemon.server.api.DaemonCommandExecution.proceed()Z+23
j  org.gradle.launcher.daemon.server.exec.RequestStopIfSingleUsedDaemon.execute(Lorg/gradle/launcher/daemon/server/api/DaemonCommandExecution;)V+33
j  org.gradle.launcher.daemon.server.api.DaemonCommandExecution.proceed()Z+23
j  org.gradle.launcher.daemon.server.exec.ForwardClientInput$2.create()Ljava/lang/Void;+4
j  org.gradle.launcher.daemon.server.exec.ForwardClientInput$2.create()Ljava/lang/Object;+1
j  org.gradle.util.internal.Swapper.swap(Ljava/lang/Object;Lorg/gradle/internal/Factory;)Ljava/lang/Object;+21
j  org.gradle.launcher.daemon.server.exec.ForwardClientInput.execute(Lorg/gradle/launcher/daemon/server/api/DaemonCommandExecution;)V+63
j  org.gradle.launcher.daemon.server.api.DaemonCommandExecution.proceed()Z+23
j  org.gradle.launcher.daemon.server.exec.LogAndCheckHealth.execute(Lorg/gradle/launcher/daemon/server/api/DaemonCommandExecution;)V+51
j  org.gradle.launcher.daemon.server.api.DaemonCommandExecution.proceed()Z+23
j  org.gradle.launcher.daemon.server.exec.LogToClient.doBuild(Lorg/gradle/launcher/daemon/server/api/DaemonCommandExecution;Lorg/gradle/launcher/daemon/protocol/Build;)V+87
j  org.gradle.launcher.daemon.server.exec.BuildCommandOnly.execute(Lorg/gradle/launcher/daemon/server/api/DaemonCommandExecution;)V+49
j  org.gradle.launcher.daemon.server.api.DaemonCommandExecution.proceed()Z+23
j  org.gradle.launcher.daemon.server.exec.EstablishBuildEnvironment.doBuild(Lorg/gradle/launcher/daemon/server/api/DaemonCommandExecution;Lorg/gradle/launcher/daemon/protocol/Build;)V+356
j  org.gradle.launcher.daemon.server.exec.BuildCommandOnly.execute(Lorg/gradle/launcher/daemon/server/api/DaemonCommandExecution;)V+49
j  org.gradle.launcher.daemon.server.api.DaemonCommandExecution.proceed()Z+23
j  org.gradle.launcher.daemon.server.exec.StartBuildOrRespondWithBusy$1.run()V+44
j  org.gradle.launcher.daemon.server.DaemonStateCoordinator$1.run()V+4
j  org.gradle.internal.concurrent.ExecutorPolicy$CatchAndRecordFailures.onExecute(Ljava/lang/Runnable;)V+1
j  org.gradle.internal.concurrent.AbstractManagedExecutor$1.run()V+25
j  java.util.concurrent.ThreadPoolExecutor.runWorker(Ljava/util/concurrent/ThreadPoolExecutor$Worker;)V+92 java.base@17.0.18
j  java.util.concurrent.ThreadPoolExecutor$Worker.run()V+5 java.base@17.0.18
j  java.lang.Thread.run()V+11 java.base@17.0.18
v  ~StubRoutines::call_stub

Compiled method (n/a) 309501  695     n 0       java.lang.ClassLoader::defineClass1 (native)
 total in heap  [0x000001f063b54a10,0x000001f063b54f10] = 1280
 relocation     [0x000001f063b54b70,0x000001f063b54ba8] = 56
 main code      [0x000001f063b54bc0,0x000001f063b54f10] = 848

[Constant Pool (empty)]

[MachCode]
[Entry Point]
  # {method} {0x000001f000010f18} 'defineClass1' '(Ljava/lang/ClassLoader;Ljava/lang/String;[BIILjava/security/ProtectionDomain;Ljava/lang/String;)Ljava/lang/Class;' in 'java/lang/ClassLoader'
  # parm0:    rdx:rdx   = 'java/lang/ClassLoader'
  # parm1:    r8:r8     = 'java/lang/String'
  # parm2:    r9:r9     = '[B'
  # parm3:    rdi       = int
  # parm4:    rsi       = int
  # parm5:    rcx:rcx   = 'java/security/ProtectionDomain'
  # parm6:    [sp+0xa0]   = 'java/lang/String'  (sp of caller)
  0x000001f063b54bc0: 448b 5208 | 49bb 0000 | 0000 f001 | 0000 4d03 | d349 3bc2 | 0f84 0600 

  0x000001f063b54bd8: ;   {runtime_call ic_miss_stub}
  0x000001f063b54bd8: 0000 e9a1 | c9a6 ff90 
[Verified Entry Point]
  0x000001f063b54be0: 8984 2400 | 90ff ff55 | 488b ec48 | 81ec 9000 | 0000 4881 | 7d10 0000 | 0000 488d | 4510 480f 
  0x000001f063b54c00: 4445 1048 | 8944 2440 | 4889 4c24 | 7048 83f9 | 0048 8d44 | 2470 480f | 4444 2470 | 4889 4424 
  0x000001f063b54c20: 3848 8974 | 2430 4889 | 7c24 284c | 894c 2458 | 4983 f900 | 488d 4424 | 5848 0f44 | 4424 5848 
  0x000001f063b54c40: 8944 2420 | 4c89 4424 | 5049 83f8 | 004c 8d4c | 2450 4c0f | 444c 2450 | 4889 5424 | 4848 83fa 
  0x000001f063b54c60: 004c 8d44 | 2448 4c0f | 4444 2448 

  0x000001f063b54c6c: ;   {oop(a 'java/lang/Class'{0x000000008085ed58} = 'java/lang/ClassLoader')}
  0x000001f063b54c6c: 49be 58ed | 8580 0000 | 0000 4c89 | 7424 784c | 8d74 2478 | 498b d6c5 

  0x000001f063b54c84: ;   {internal_word}
  0x000001f063b54c84: f877 49ba | 834c b563 | f001 0000 | 4d89 97a8 | 0200 0049 | 89a7 a002 

  0x000001f063b54c9c: ;   {external_word}
  0x000001f063b54c9c: 0000 49ba | dba8 d807 | ff7f 0000 | 4180 3a00 | 0f84 5200 | 0000 5241 

  0x000001f063b54cb4: ;   {metadata({method} {0x000001f000010f18} 'defineClass1' '(Ljava/lang/ClassLoader;Ljava/lang/String;[BIILjava/security/ProtectionDomain;Ljava/lang/String;)Ljava/lang/Class;' in 'java/lang/ClassLoader')}
  0x000001f063b54cb4: 5041 5148 | ba10 0f01 | 00f0 0100 | 0049 8bcf | 4883 ec20 | f7c4 0f00 | 0000 0f84 | 1a00 0000 
  0x000001f063b54cd4: 4883 ec08 

  0x000001f063b54cd8: ;   {runtime_call}
  0x000001f063b54cd8: 49ba d055 | 8e07 ff7f | 0000 41ff | d248 83c4 | 08e9 0d00 

  0x000001f063b54cec: ;   {runtime_call}
  0x000001f063b54cec: 0000 49ba | d055 8e07 | ff7f 0000 | 41ff d248 | 83c4 2041 | 5941 585a | 498d 8fc0 | 0200 0041 
  0x000001f063b54d0c: c787 4803 | 0000 0400 

  0x000001f063b54d14: ;   {runtime_call}
  0x000001f063b54d14: 0000 49ba | d016 9c7a | ff7f 0000 | 41ff d2c5 | f877 41c7 | 8748 0300 | 0005 0000 | 00f0 8344 
  0x000001f063b54d34: 24c0 0049 | 3baf 5003 | 0000 0f87 | 1100 0000 | 4181 bf38 | 0300 0000 | 0000 000f | 842c 0000 
  0x000001f063b54d54: 00c5 f877 | 4889 45f8 | 498b cf4c | 8be4 4883 | ec20 4883 

  0x000001f063b54d68: ;   {runtime_call}
  0x000001f063b54d68: e4f0 49ba | 7063 9e07 | ff7f 0000 | 41ff d249 | 8be4 4d33 | e448 8b45 | f841 c787 | 4803 0000 
  0x000001f063b54d88: 0800 0000 | 4181 bfb8 | 0300 0002 | 0000 000f | 843f 0100 

  0x000001f063b54d9c: ;   {external_word}
  0x000001f063b54d9c: 0049 badb | a8d8 07ff | 7f00 0041 | 803a 000f | 8450 0000 | 0048 8945 

  0x000001f063b54db4: ;   {metadata({method} {0x000001f000010f18} 'defineClass1' '(Ljava/lang/ClassLoader;Ljava/lang/String;[BIILjava/security/ProtectionDomain;Ljava/lang/String;)Ljava/lang/Class;' in 'java/lang/ClassLoader')}
  0x000001f063b54db4: f848 ba10 | 0f01 00f0 | 0100 0049 | 8bcf 4883 | ec20 f7c4 | 0f00 0000 | 0f84 1a00 | 0000 4883 
  0x000001f063b54dd4: ;   {runtime_call}
  0x000001f063b54dd4: ec08 49ba | d055 8e07 | ff7f 0000 | 41ff d248 | 83c4 08e9 | 0d00 0000 

  0x000001f063b54dec: ;   {runtime_call}
  0x000001f063b54dec: 49ba d055 | 8e07 ff7f | 0000 41ff | d248 83c4 | 2048 8b45 | f849 c787 | a002 0000 | 0000 0000 
  0x000001f063b54e0c: 49c7 87a8 | 0200 0000 | 0000 00c5 | f877 4885 | c00f 8493 | 0000 0048 | f7c0 0100 | 0000 0f84 
  0x000001f063b54e2c: 8300 0000 | 488b 40ff | 4180 7f38 | 000f 846f | 0000 0048 | 83f8 000f | 8465 0000 | 0049 8b4f 
  0x000001f063b54e4c: 2048 83f9 | 000f 8414 | 0000 0048 | 83e9 0849 | 894f 2049 | 034f 3048 | 8901 e943 | 0000 0050 
  0x000001f063b54e6c: 498b d748 | 8bc8 4883 | ec20 f7c4 | 0f00 0000 | 0f84 1a00 | 0000 4883 

  0x000001f063b54e84: ;   {runtime_call}
  0x000001f063b54e84: ec08 49ba | c0cf 4c07 | ff7f 0000 | 41ff d248 | 83c4 08e9 | 0d00 0000 

  0x000001f063b54e9c: ;   {runtime_call}
  0x000001f063b54e9c: 49ba c0cf | 4c07 ff7f | 0000 41ff | d248 83c4 | 2058 e903 | 0000 0048 | 8b00 498b | 8fd8 0000 
  0x000001f063b54ebc: 00c7 8100 | 0100 0000 | 0000 00c9 | 4981 7f08 | 0000 0000 | 0f85 0100 

  0x000001f063b54ed4: ;   {runtime_call StubRoutines (1)}
  0x000001f063b54ed4: 0000 c3e9 | 24c0 a1ff | c5f8 7748 | 8945 f84c | 8be4 4883 | ec20 4883 

  0x000001f063b54eec: ;   {runtime_call}
  0x000001f063b54eec: e4f0 49ba | 9086 8e07 | ff7f 0000 | 41ff d249 | 8be4 4d33 | e448 8b45 | f8e9 93fe | ffff f4f4 
  0x000001f063b54f0c: f4f4 f4f4 
[/MachCode]


Compiled method (c2) 309511 10456       4       java.lang.ClassLoader::defineClass (43 bytes)
 total in heap  [0x000001f06406a390,0x000001f06406c008] = 7288
 relocation     [0x000001f06406a4f0,0x000001f06406a5d0] = 224
 main code      [0x000001f06406a5e0,0x000001f06406b4e0] = 3840
 stub code      [0x000001f06406b4e0,0x000001f06406b580] = 160
 oops           [0x000001f06406b580,0x000001f06406b588] = 8
 metadata       [0x000001f06406b588,0x000001f06406b678] = 240
 scopes data    [0x000001f06406b678,0x000001f06406bba8] = 1328
 scopes pcs     [0x000001f06406bba8,0x000001f06406be38] = 656
 dependencies   [0x000001f06406be38,0x000001f06406be50] = 24
 handler table  [0x000001f06406be50,0x000001f06406bfb8] = 360
 nul chk table  [0x000001f06406bfb8,0x000001f06406c008] = 80

[Constant Pool (empty)]

[MachCode]
[Entry Point]
  # {method} {0x000001f000010cb0} 'defineClass' '(Ljava/lang/String;[BIILjava/security/ProtectionDomain;)Ljava/lang/Class;' in 'java/lang/ClassLoader'
  # this:     rdx:rdx   = 'java/lang/ClassLoader'
  # parm0:    r8:r8     = 'java/lang/String'
  # parm1:    r9:r9     = '[B'
  # parm2:    rdi       = int
  # parm3:    rsi       = int
  # parm4:    rcx:rcx   = 'java/security/ProtectionDomain'
  #           [sp+0xb0]  (sp of caller)
  0x000001f06406a5e0: 448b 5208 | 49bb 0000 | 0000 f001 | 0000 4d03 | d349 3bc2 

  0x000001f06406a5f4: ;   {runtime_call ic_miss_stub}
  0x000001f06406a5f4: 0f85 866f | 55ff 6690 | 0f1f 4000 
[Verified Entry Point]
  0x000001f06406a600: 8984 2400 | 90ff ff55 | 4881 eca0 | 0000 0089 | 7424 3c89 | 7c24 384c | 894c 2430 | 4c89 4424 
  0x000001f06406a620: 2048 8954 | 2428 4c8b | c966 6690 

  0x000001f06406a62c: ;   {optimized virtual_call}
  0x000001f06406a62c: c5f8 77e8 

  0x000001f06406a630: ; ImmutableOopMap {[32]=Oop [40]=Oop [48]=Oop }
                      ;*invokevirtual preDefineClass {reexecute=0 rethrow=0 return_oop=1}
                      ; - java.lang.ClassLoader::defineClass@4 (line 1015)
  0x000001f06406a630: acd3 e1ff | 4889 4424 | 4044 8b50 | 1045 85d2 | 0f84 b003 | 0000 418b | 6a0c 85ed | 0f84 a403 
  0x000001f06406a650: 0000 448b | 5538 4585 | d20f 841d | 0a00 0049 | 8bd2 4c8b | c566 6690 

  0x000001f06406a668: ;   {optimized virtual_call}
  0x000001f06406a668: c5f8 77e8 

  0x000001f06406a66c: ; ImmutableOopMap {[32]=Oop [40]=Oop [48]=Oop [64]=Oop }
                      ;*invokevirtual toExternalForm {reexecute=0 rethrow=0 return_oop=1}
                      ; - java.net.URL::toExternalForm@5 (line 1039)
                      ; - java.net.URL::toString@1 (line 1025)
                      ; - java.lang.ClassLoader::defineClassSourceLocation@22 (line 917)
                      ; - java.lang.ClassLoader::defineClass@12 (line 1016)
  0x000001f06406a66c: 50e9 c2ff | 488b 5424 | 284c 8b44 | 2420 4c8b | 4c24 308b | 7c24 388b | 7424 3c48 | 8b4c 2440 
  0x000001f06406a68c: 4889 0424 

  0x000001f06406a690: ;   {static_call}
  0x000001f06406a690: c5f8 77e8 

  0x000001f06406a694: ; ImmutableOopMap {[40]=Oop [64]=Oop }
                      ;*invokestatic defineClass1 {reexecute=0 rethrow=0 return_oop=1}
                      ; - java.lang.ClassLoader::defineClass@27 (line 1017)
  0x000001f06406a694: 48a5 aeff | 4889 4424 | 3044 8b58 | 3c45 85db | 0f85 8602 | 0000 4c8b | 5010 458b | 5a08 4585 
  0x000001f06406a6b4: db0f 8cd1 | 0900 0044 | 8b50 2c45 | 85d2 0f84 | e202 0000 | 4d8b ca45 | 8b41 1445 | 8b50 0c41 
  0x000001f06406a6d4: 0fbe 4910 | 418b dad3 | fb8b f3ff | ce85 c90f | 85e9 0a00 | 004d 8bd8 | 4c89 5c24 | 6045 8bda 
  0x000001f06406a6f4: 41ff cb41 | 3bf3 440f | 4cde 4585 | db0f 8cd1 | 0200 0048 | bd00 0037 | 6bf0 0100 | 0045 3bda 
  0x000001f06406a714: 0f83 4609 | 0000 4380 | 7c18 102e | 741c 498b | bf58 0300 | 0041 ffcb | 488b 4c24 

  0x000001f06406a730: ; ImmutableOopMap {r8=NarrowOop r9=Oop rcx=Oop [40]=Oop [48]=Oop [64]=Oop [96]=Oop }
                      ;*goto {reexecute=1 rethrow=0 return_oop=0}
                      ; - (reexecute) java.lang.StringLatin1::lastIndexOf@35 (line 294)
                      ; - java.lang.String::lastIndexOf@13 (line 2489)
                      ; - java.lang.String::lastIndexOf@8 (line 2451)
                      ; - java.lang.Class::getPackageName@47 (line 1085)
                      ; - java.lang.ClassLoader::postDefineClass@2 (line 924)
                      ; - java.lang.ClassLoader::defineClass@37 (line 1018)
                      ;   {poll}
  0x000001f06406a730: 3085 0745 | 85db 7dd9 | 41bb ffff | ffff 4183 | fbff 0f84 | 9f02 0000 | 4585 db0f | 8cd3 0a00 
  0x000001f06406a750: 0044 3bdb | 0f8f ea0a | 0000 443b | db0f 843f | 0200 0045 | 85db 0f84 | ff07 0000 | 498b b708 
  0x000001f06406a770: 0100 004c | 8bce 4983 | c118 4d3b | 8f18 0100 | 000f 83f3 | 0700 004d | 898f 0801 | 0000 410f 
  0x000001f06406a790: 0d89 c000 | 0000 48c7 | 0601 0000 | 004c 8bce | 4983 c110 

  0x000001f06406a7a4: ;   {metadata('java/lang/String')}
  0x000001f06406a7a4: c746 08e0 | e900 0044 | 8966 0cc5 | fdef c0c4 | c179 d601 | 4181 fb00 | 0010 000f | 87e3 0800 
  0x000001f06406a7c4: 004d 63cb | 453b d341 | 8bcb 410f | 4cca 443b | d10f 8249 | 0900 0044 | 3bd9 0f82 | 4009 0000 
  0x000001f06406a7e4: 4983 c117 | 498b f948 | 83e7 f841 | 81fb 0000 | 1000 0f87 | d507 0000 | 4d8b af08 | 0100 004d 
  0x000001f06406a804: 8bd5 4c03 | d74d 3b97 | 1801 0000 | 0f83 bb07 | 0000 4d89 | 9708 0100 | 0041 0f0d | 8ac0 0000 
  0x000001f06406a824: 0049 c745 | 0001 0000 | 0041 0f0d | 8a00 0100 

  0x000001f06406a834: ;   {metadata({type array byte})}
  0x000001f06406a834: 0041 c745 | 0828 6700 | 0045 895d | 0c41 0f0d | 8a40 0100 | 0041 0f0d | 8a80 0100 | 004d 8bd5 
  0x000001f06406a854: 4983 c210 | 49c1 e903 | 498b dd85 | c90f 8449 | 0800 0049 | 8d50 1041 | 3bcb 0f8c | e205 0000 
  0x000001f06406a874: 4883 c7f0 | 48c1 ef03 | 488b ca49 | 8bd2 4c8b | c7c5 f877 | 49ba 20ae | 5a63 f001 | 0000 41ff 
  0x000001f06406a894: d289 5e14 | 4c8b d64d | 8bdd 4d33 | da49 c1eb | 144d 85db | 741a 49c1 | ea09 48b9 | 0000 376b 
  0x000001f06406a8b4: f001 0000 | 4903 ca80 | 3904 0f85 | 5e06 0000 | 4488 6610 | 488b d64c | 8b54 2430 | 4c89 5424 
  0x000001f06406a8d4: 2066 6690 

  0x000001f06406a8d8: ;   {optimized virtual_call}
  0x000001f06406a8d8: c5f8 77e8 

  0x000001f06406a8dc: ; ImmutableOopMap {[32]=Oop [40]=Oop [48]=Oop [64]=Oop }
                      ;*invokevirtual intern {reexecute=0 rethrow=0 return_oop=1}
                      ; - java.lang.Class::getPackageName@65 (line 1086)
                      ; - java.lang.ClassLoader::postDefineClass@2 (line 924)
                      ; - java.lang.ClassLoader::defineClass@37 (line 1018)
  0x000001f06406a8dc: 00c8 abff | 488b d841 | 807f 3800 | 0f85 e704 | 0000 4c8b | d34c 8b5c | 2430 4589 | 533c 4d8b 
  0x000001f06406a8fc: d34c 8bdb | 4d33 da49 | c1eb 144d | 85db 741f | 4885 db74 | 1a49 c1ea | 0948 b900 | 0037 6bf0 
  0x000001f06406a91c: 0100 0049 | 03ca 8039 | 040f 85e2 | 0400 004c | 8bc3 eb0d | 4d8b c348 | bd00 0037 | 6bf0 0100 
  0x000001f06406a93c: 004c 8b54 | 2430 458b | 5a30 4d8b | cb48 8b54 | 2428 4c89 | 5424 2090 

  0x000001f06406a954: ;   {optimized virtual_call}
  0x000001f06406a954: c5f8 77e8 

  0x000001f06406a958: ; ImmutableOopMap {[32]=Oop [40]=Oop [48]=Oop [64]=Oop }
                      ;*invokevirtual getNamedPackage {reexecute=0 rethrow=0 return_oop=1}
                      ; - java.lang.ClassLoader::postDefineClass@9 (line 924)
                      ; - java.lang.ClassLoader::defineClass@37 (line 1018)
  0x000001f06406a958: 442c fdff | 4c8b 5424 | 4045 8b5a | 1045 85db | 741a 458b | 4b14 4585 | c90f 8586 | 0000 0045 
  0x000001f06406a978: 8b43 1045 | 85c0 0f85 | 1d01 0000 | 488b 4424 | 30c5 f877 | 4881 c4a0 | 0000 005d 

  0x000001f06406a994: ;   {poll_return}
  0x000001f06406a994: 493b a750 | 0300 000f | 870f 0b00 | 00c3 498b | f1e9 1eff | ffff 488b | d048 8b6c | 2428 6690 
  0x000001f06406a9b4: ;   {optimized virtual_call}
  0x000001f06406a9b4: c5f8 77e8 

  0x000001f06406a9b8: ; ImmutableOopMap {rbp=Oop [40]=Oop [48]=Oop [64]=Oop }
                      ;*invokevirtual initClassName {reexecute=0 rethrow=0 return_oop=1}
                      ; - java.lang.Class::getName@14 (line 865)
                      ; - java.lang.Class::getPackageName@40 (line 1084)
                      ; - java.lang.ClassLoader::postDefineClass@2 (line 924)
                      ; - java.lang.ClassLoader::defineClass@37 (line 1018)
  0x000001f06406a9b8: a4e1 adff | 4c8b c848 | 85c0 0f85 | 03fd ffff | baf6 ffff | ff66 6690 

  0x000001f06406a9d0: ;   {runtime_call UncommonTrapBlob}
  0x000001f06406a9d0: c5f8 77e8 

  0x000001f06406a9d4: ; ImmutableOopMap {}
                      ;*invokevirtual lastIndexOf {reexecute=0 rethrow=0 return_oop=0}
                      ; - java.lang.Class::getPackageName@47 (line 1085)
                      ; - java.lang.ClassLoader::postDefineClass@2 (line 924)
                      ; - java.lang.ClassLoader::defineClass@37 (line 1018)
  0x000001f06406a9d4: 28f7 55ff | 48bd 0000 | 376b f001 | 0000 e951 

  0x000001f06406a9e4: ;   {oop(""{0x0000000080789870})}
  0x000001f06406a9e4: fdff ff48 | bb70 9878 | 8000 0000 | 00e9 edfe | ffff 33c0 | e973 fcff | ff45 8b41 | 0c41 8b49 
  0x000001f06406aa04: 0849 8be9 | 4d63 d849 | c1e3 0249 | 83c3 1749 | 83e3 f841 | 81f8 0000 | 0400 0f87 | 4408 0000 
  0x000001f06406aa24: 498b 8708 | 0100 004c | 8bd0 4d03 | d34d 3b97 | 1801 0000 | 0f83 2a08 | 0000 4d89 | 9708 0100 
  0x000001f06406aa44: 0041 0f0d | 8ac0 0000 | 0048 c700 | 0100 0000 | 8948 0844 | 8940 0c41 | 0f0d 8a00 | 0100 0041 
  0x000001f06406aa64: 0f0d 8a40 | 0100 0041 | 0f0d 8a80 | 0100 0048 | 8bd8 498d | 4910 488b | d348 83c2 | 1049 83c3 
  0x000001f06406aa84: f049 c1eb | 034d 8bc3 | c5f8 7749 | ba20 ae5a | 63f0 0100 | 0041 ffd2 | e91c 0300 | 0049 8b87 
  0x000001f06406aaa4: 0801 0000 | 4c8b d049 | 83c2 1849 | 8bd3 4d3b | 9718 0100 | 000f 83d8 | 0700 004d | 8997 0801 
  0x000001f06406aac4: 0000 410f | 0d8a c000 | 0000 48c7 | 0001 0000 

  0x000001f06406aad4: ;   {metadata('java/util/ArrayList')}
  0x000001f06406aad4: 00c7 4008 | 10df 0000 | 4489 600c | 4489 6010 

  0x000001f06406aae4: ;   {oop(a 'java/lang/Object'[0] {0x000000008079d300})}
  0x000001f06406aae4: c740 1400 | d379 8048 | 8bd8 458b | 480c 4585 | c976 0545 | 33c9 eb23 | 4533 d2e9 | 9300 0000 
  0x000001f06406ab04: 0f1f 8400 | 0000 0000 | 6666 6690 | 488b 6c24 | 2048 8b54 | 2440 488b | 5c24 4841 | 8b48 0c44 
  0x000001f06406ab24: 3bc9 0f83 | 0508 0000 | 478b 4488 | 1045 8b50 | 1045 8b52 | 1044 894c | 243c 4889 | 5c24 4848 
  0x000001f06406ab44: 8954 2440 | 4489 5c24 | 3848 896c | 2420 4d8b | c248 8bd3 

  0x000001f06406ab58: ;   {optimized virtual_call}
  0x000001f06406ab58: c5f8 77e8 

  0x000001f06406ab5c: ; ImmutableOopMap {[40]=Oop [48]=Oop [56]=NarrowOop [64]=Oop [72]=Oop }
                      ;*invokevirtual addAll {reexecute=0 rethrow=0 return_oop=0}
                      ; - java.security.CodeSource::getCertificates@57 (line 210)
                      ; - java.lang.ClassLoader::postDefineClass@24 (line 927)
                      ; - java.lang.ClassLoader::defineClass@37 (line 1018)
  0x000001f06406ab5c: a06f 55ff | 4d8b 9758 | 0300 0044 | 8b5c 2438 | 458b 4310 | 448b 4c24 

  0x000001f06406ab74: ; ImmutableOopMap {r11=NarrowOop r8=NarrowOop [40]=Oop [48]=Oop [64]=Oop [72]=Oop }
                      ;*goto {reexecute=1 rethrow=0 return_oop=0}
                      ; - (reexecute) java.security.CodeSource::getCertificates@64 (line 209)
                      ; - java.lang.ClassLoader::postDefineClass@24 (line 927)
                      ; - java.lang.ClassLoader::defineClass@37 (line 1018)
  0x000001f06406ab74: 3c41 ffc1 

  0x000001f06406ab78: ;   {poll}
  0x000001f06406ab78: 4185 0245 | 8b50 0c45 | 3bca 7c8c | 488b 5c24 | 4844 8b53 | 1048 8b6c | 2420 488b | 5424 4041 
  0x000001f06406ab98: 81fa 0000 | 0400 0f87 | c007 0000 | 4963 ca41 | 81fa 0000 | 0400 0f87 | 2907 0000 | 4d8b 8708 
  0x000001f06406abb8: 0100 0048 | c1e1 0248 | 83c1 174c | 8bc9 4983 | e1f8 498b | f049 03f1 | 493b b718 | 0100 000f 
  0x000001f06406abd8: 8300 0700 | 0049 89b7 | 0801 0000 | 0f0d 8ec0 | 0000 0049 | c700 0100 | 0000 0f0d | 8e00 0100 
  0x000001f06406abf8: ;   {metadata('java/security/cert/Certificate'[])}
  0x000001f06406abf8: 0041 c740 | 08a0 2912 | 0045 8950 | 0c0f 0d8e | 4001 0000 | 498b f848 | 83c7 100f | 0d8e 8001 
  0x000001f06406ac18: 0000 48c1 | e903 4883 | c1fe 4833 | c048 83f9 | 087f 1048 | ffc9 7857 | 4889 04cf | 48ff c97d 
  0x000001f06406ac38: f7eb 4cc5 | fdef c0e9 | 0d00 0000 | c5fe 7f07 | c5fe 7f47 | 2048 83c7 | 4048 83e9 | 087d ed48 
  0x000001f06406ac58: 83c1 047c | 0cc5 fe7f | 0748 83c7 | 2048 83e9 | 0448 83c1 | 047e 18b8 | 0100 0000 | c4e2 71f7 
  0x000001f06406ac78: c048 83e8 | 01c5 f892 | f862 f1fe | 2f7f 074c | 8b54 2430 | 4c89 5424 | 2044 895c | 2438 4889 
  0x000001f06406ac98: 5424 4048 | 895c 2448 | 488b 5424 | 4866 6690 

  0x000001f06406aca8: ;   {optimized virtual_call}
  0x000001f06406aca8: c5f8 77e8 

  0x000001f06406acac: ; ImmutableOopMap {[32]=Oop [40]=Oop [56]=NarrowOop [64]=Oop }
                      ;*invokevirtual toArray {reexecute=0 rethrow=0 return_oop=1}
                      ; - java.security.CodeSource::getCertificates@76 (line 213)
                      ; - java.lang.ClassLoader::postDefineClass@24 (line 927)
                      ; - java.lang.ClassLoader::defineClass@37 (line 1018)
  0x000001f06406acac: 506e 55ff | 488b f844 

  0x000001f06406acb4: ;   {metadata('java/security/cert/Certificate'[])}
  0x000001f06406acb4: 8b58 0841 | 81fb a029 | 1200 0f85 | d006 0000 | 4180 7f38 | 000f 8571 | 0400 008b | 5c24 384c 
  0x000001f06406acd4: 8bd7 4c89 | 5424 384c | 8b54 2440 | 4c8b 5c24 | 384d 8bc3 | 4489 4314 | 4d33 da49 | c1eb 144d 
  0x000001f06406acf4: 85db 7414 | 49c1 ea09 | 4c8b c54d | 03c2 4180 | 3804 0f85 | 6b04 0000 | 4c8b 5424 | 3845 8b42 
  0x000001f06406ad14: 0c45 8b52 | 0849 63e8 | 48c1 e502 | 4883 c517 | 4883 e5f8 | 4181 f800 | 0004 000f | 87df 0500 
  0x000001f06406ad34: 0049 8b87 | 0801 0000 | 4c8b d84c | 03dd 4d3b | 9f18 0100 | 000f 83c5 | 0500 004d | 899f 0801 
  0x000001f06406ad54: 0000 410f | 0d8b c000 | 0000 48c7 | 0001 0000 | 0044 8950 | 0844 8940 | 0c41 0f0d | 8b00 0100 
  0x000001f06406ad74: 0041 0f0d | 8b40 0100 | 0041 0f0d | 8b80 0100 | 0048 8bd8 | 488b 4c24 | 3848 83c1 | 1048 8bd3 
  0x000001f06406ad94: 4883 c210 | 4883 c5f0 | 48c1 ed03 | 4c8b c5c5 | f877 49ba | 20ae 5a63 | f001 0000 | 41ff d24c 
  0x000001f06406adb4: 8b54 2420 | 4c89 5424 | 3048 8b54 | 2430 4c8b | c366 6690 

  0x000001f06406adc8: ;   {optimized virtual_call}
  0x000001f06406adc8: c5f8 77e8 

  0x000001f06406adcc: ; ImmutableOopMap {[48]=Oop }
                      ;*invokevirtual setSigners {reexecute=0 rethrow=0 return_oop=0}
                      ; - java.lang.ClassLoader::setSigners@2 (line 1308)
                      ; - java.lang.ClassLoader::postDefineClass@35 (line 929)
                      ; - java.lang.ClassLoader::defineClass@37 (line 1018)
  0x000001f06406adcc: 306d 55ff | e9af fbff | ff4c 8b54 | 2430 458b | 5a3c 4585 | db0f 8407 | fbff ff4d | 8b57 2049 
  0x000001f06406adec: 8bcb 4d85 | d20f 8415 | 0400 004d | 8b5f 304b | 894c 13f8 | 4983 c2f8 | 4d89 5720 | e9e1 faff 
  0x000001f06406ae0c: ff4d 8b57 | 504d 8b5f | 40f0 8344 | 24c0 0080 | 3900 0f84 | 07fb ffff | 4488 214d | 85db 7518 
  0x000001f06406ae2c: 498b d7c5 | f877 49ba | a0cf 4c07 | ff7f 0000 | 41ff d2e9 | e7fa ffff | 4b89 4c1a | f849 83c3 
  0x000001f06406ae4c: f84d 895f | 40e9 d5fa | ffff 4c63 | c14d 8bd8 | 4983 c310 | 498b cb48 | 83e1 f849 | 8bfd 4803 
  0x000001f06406ae6c: f949 c1eb | 034d 2bcb | 498b c948 | 33c0 4883 | f908 7f10 | 48ff c978 | 5748 8904 | cf48 ffc9 
  0x000001f06406ae8c: 7df7 eb4c | c5fd efc0 | e90d 0000 | 00c5 fe7f | 07c5 fe7f | 4720 4883 | c740 4883 | e908 7ded 
  0x000001f06406aeac: 4883 c104 | 7c0c c5fe | 7f07 4883 | c720 4883 | e904 4883 | c104 7e18 | b801 0000 | 00c4 e271 
  0x000001f06406aecc: f7c0 4883 | e801 c5f8 | 92f8 62f1 | fe2f 7f07 | 4983 f820 | 7725 49bb | ffff ffff | ffff ffff 
  0x000001f06406aeec: c442 b8f5 | dbc4 c1fb | 92fb 62f1 | 7faf 6f02 | 62d1 7f2f | 7f02 e98e | f9ff ff48 | 8bca 498b 
  0x000001f06406af0c: d2c5 f877 | 49ba 608b | 5a63 f001 | 0000 41ff | d2e9 73f9 | ffff 4d8b | 5740 4d8b | 5f50 f083 
  0x000001f06406af2c: 4424 c000 | 8039 000f | 848b f9ff | ff44 8821 | 4d85 d275 | 1849 8bd7 | c5f8 7749 | baa0 cf4c 
  0x000001f06406af4c: 07ff 7f00 | 0041 ffd2 | e96b f9ff | ff4b 894c | 13f8 4983 | c2f8 4d89 | 5740 e959 

  0x000001f06406af68: ;   {oop(""{0x0000000080789870})}
  0x000001f06406af68: f9ff ff48 | be70 9878 | 8000 0000 | 00e9 4ef9 | ffff 4489 | 5c24 5044 | 8954 244c | 4489 4424 
  0x000001f06406af88: 4848 896c | 2438 4c8b | 5424 304c | 8954 2420 | 488b 6c24 

  0x000001f06406af9c: ;   {metadata('java/lang/String')}
  0x000001f06406af9c: 4048 bae0 | e900 00f0 | 0100 0090 

  0x000001f06406afa8: ;   {runtime_call _new_instance_Java}
  0x000001f06406afa8: c5f8 77e8 

  0x000001f06406afac: ; ImmutableOopMap {rbp=Oop [32]=Oop [40]=Oop [48]=Oop [72]=NarrowOop [96]=Oop }
                      ;*new {reexecute=0 rethrow=0 return_oop=1}
                      ; - java.lang.StringLatin1::newString@7 (line 769)
                      ; - java.lang.String::substring@41 (line 2714)
                      ; - java.lang.Class::getPackageName@62 (line 1086)
                      ; - java.lang.ClassLoader::postDefineClass@2 (line 924)
                      ; - java.lang.ClassLoader::defineClass@37 (line 1018)
  0x000001f06406afac: d080 60ff | 4889 6c24 | 4048 8b6c | 2438 448b | 4424 4844 | 8b54 244c | 448b 5c24 | 5048 8bf0 
  0x000001f06406afcc: e9e7 f7ff | ff89 8c24 | 8000 0000 | 48ff 7424 | 6048 8f44 | 2478 4889 | 7c24 604c | 894c 2458 
  0x000001f06406afec: 4889 7424 | 5044 895c | 244c 4489 | 4424 4848 | 896c 2438 | 4c8b 5424 | 304c 8954 | 2420 488b 
  0x000001f06406b00c: ;   {metadata({type array byte})}
  0x000001f06406b00c: 6c24 4048 | ba28 6700 | 00f0 0100 | 0045 8bc3 

  0x000001f06406b01c: ;   {runtime_call _new_array_nozero_Java}
  0x000001f06406b01c: c5f8 77e8 

  0x000001f06406b020: ; ImmutableOopMap {rbp=Oop [32]=Oop [40]=Oop [48]=Oop [72]=NarrowOop [80]=Oop [120]=Oop }
                      ;*newarray {reexecute=0 rethrow=0 return_oop=1}
                      ; - java.util.Arrays::copyOfRange@41 (line 3822)
                      ; - java.lang.StringLatin1::newString@16 (line 769)
                      ; - java.lang.String::substring@41 (line 2714)
                      ; - java.lang.Class::getPackageName@62 (line 1086)
                      ; - java.lang.ClassLoader::postDefineClass@2 (line 924)
                      ; - java.lang.ClassLoader::defineClass@37 (line 1018)
  0x000001f06406b020: 5c86 60ff | 4889 6c24 | 4048 8b6c | 2438 448b | 4424 4844 | 8b5c 244c | 488b 7424 | 504c 8b4c 
  0x000001f06406b040: 2458 488b | 7c24 604c | 8be8 48ff | 7424 7848 | 8f44 2460 | 8b8c 2480 | 0000 00e9 | f1f7 ffff 
  0x000001f06406b060: bae4 ffff | ff44 895c | 2420 4c89 | 4c24 5844 | 8944 2460 

  0x000001f06406b074: ;   {runtime_call UncommonTrapBlob}
  0x000001f06406b074: c5f8 77e8 

  0x000001f06406b078: ; ImmutableOopMap {[40]=Oop [48]=Oop [64]=Oop [88]=Oop [96]=NarrowOop }
                      ;*baload {reexecute=0 rethrow=0 return_oop=0}
                      ; - java.lang.StringLatin1::lastIndexOf@24 (line 295)
                      ; - java.lang.String::lastIndexOf@13 (line 2489)
                      ; - java.lang.String::lastIndexOf@8 (line 2451)
                      ; - java.lang.Class::getPackageName@47 (line 1085)
                      ; - java.lang.ClassLoader::postDefineClass@2 (line 924)
                      ; - java.lang.ClassLoader::defineClass@37 (line 1018)
  0x000001f06406b078: 84f0 55ff | baf6 ffff | ff66 6690 

  0x000001f06406b084: ;   {runtime_call UncommonTrapBlob}
  0x000001f06406b084: c5f8 77e8 

  0x000001f06406b088: ; ImmutableOopMap {rbp=NarrowOop }
                      ;*invokevirtual toExternalForm {reexecute=0 rethrow=0 return_oop=0}
                      ; - java.net.URL::toExternalForm@5 (line 1039)
                      ; - java.net.URL::toString@1 (line 1025)
                      ; - java.lang.ClassLoader::defineClassSourceLocation@22 (line 917)
                      ; - java.lang.ClassLoader::defineClass@12 (line 1016)
  0x000001f06406b088: 74f0 55ff | ba45 ffff | ff4c 8b54 | 2440 4c89 | 5424 3848 | 8944 2440 

  0x000001f06406b0a0: ;   {runtime_call UncommonTrapBlob}
  0x000001f06406b0a0: c5f8 77e8 

  0x000001f06406b0a4: ; ImmutableOopMap {[40]=Oop [48]=Oop [56]=Oop [64]=Oop }
                      ;*ifeq {reexecute=1 rethrow=0 return_oop=0}
                      ; - (reexecute) java.lang.Class::getPackageName@13 (line 1080)
                      ; - java.lang.ClassLoader::postDefineClass@2 (line 924)
                      ; - java.lang.ClassLoader::defineClass@37 (line 1018)
  0x000001f06406b0a4: 58f0 55ff | 4d63 cbe9 | 18f7 ffff | 4983 c1fe | 498b c949 | 8bfa 4833 | c048 83f9 | 087f 1048 
  0x000001f06406b0c4: ffc9 7857 | 4889 04cf | 48ff c97d | f7eb 4cc5 | fdef c0e9 | 0d00 0000 | c5fe 7f07 | c5fe 7f47 
  0x000001f06406b0e4: 2048 83c7 | 4048 83e9 | 087d ed48 | 83c1 047c | 0cc5 fe7f | 0748 83c7 | 2048 83e9 | 0448 83c1 
  0x000001f06406b104: 047e 18b8 | 0100 0000 | c4e2 71f7 | c048 83e8 | 01c5 f892 | f862 f1fe | 2f7f 07e9 | 71f7 ffff 
  0x000001f06406b124: bacc ffff | ff44 895c | 2420 4889 | 7424 6044 | 8944 2424 

  0x000001f06406b138: ;   {runtime_call UncommonTrapBlob}
  0x000001f06406b138: c5f8 77e8 

  0x000001f06406b13c: ; ImmutableOopMap {[36]=NarrowOop [40]=Oop [48]=Oop [64]=Oop [96]=Oop }
                      ;*newarray {reexecute=1 rethrow=0 return_oop=0}
                      ; - (reexecute) java.util.Arrays::copyOfRange@41 (line 3822)
                      ; - java.lang.StringLatin1::newString@16 (line 769)
                      ; - java.lang.String::substring@41 (line 2714)
                      ; - java.lang.Class::getPackageName@62 (line 1086)
                      ; - java.lang.ClassLoader::postDefineClass@2 (line 924)
                      ; - java.lang.ClassLoader::defineClass@37 (line 1018)
  0x000001f06406b13c: c0ef 55ff | 8b5c 2438 | 448b 5314 | 4585 d20f | 8482 fbff | ff4d 8b5f | 2049 8bca | 4d85 db0f 
  0x000001f06406b15c: 840b 0200 | 004d 8b57 | 304b 894c | 1af8 4983 | c3f8 4d89 | 5f20 e95c | fbff ff4d | 8b57 404d 
  0x000001f06406b17c: 8b5f 50f0 | 8344 24c0 | 0041 8038 | 0074 2d45 | 8820 4d85 | d274 0f4f | 8944 13f8 | 4983 c2f8 
  0x000001f06406b19c: 4d89 5740 | eb16 498b | c849 8bd7 | c5f8 7749 | baa0 cf4c | 07ff 7f00 | 0041 ffd2 | 448b 5b14 
  0x000001f06406b1bc: 4585 db0f | 84bf 0100 | 004d 8bd3 | 4c89 5424 | 38e9 3afb | ffff 85c9 | 400f 95c5 | 400f b6ed 
  0x000001f06406b1dc: 83f5 01ba | 45ff ffff | 4c8b 5424 | 304c 8954 | 2420 4c8b | 5424 404c | 8954 2438 | 4c89 4c24 
  0x000001f06406b1fc: 5889 7424 | 6066 6690 

  0x000001f06406b204: ;   {runtime_call UncommonTrapBlob}
  0x000001f06406b204: c5f8 77e8 

  0x000001f06406b208: ; ImmutableOopMap {[32]=Oop [40]=Oop [56]=Oop [88]=Oop }
                      ;*ifeq {reexecute=1 rethrow=0 return_oop=0}
                      ; - (reexecute) java.lang.String::lastIndexOf@4 (line 2489)
                      ; - java.lang.String::lastIndexOf@8 (line 2451)
                      ; - java.lang.Class::getPackageName@47 (line 1085)
                      ; - java.lang.ClassLoader::postDefineClass@2 (line 924)
                      ; - java.lang.ClassLoader::defineClass@37 (line 1018)
  0x000001f06406b208: f4ee 55ff | 498b d7c5 | f877 49ba | c0cf 4c07 | ff7f 0000 | 41ff d2e9 | caf6 ffff | ba45 ffff 
  0x000001f06406b228: ff44 895c | 2420 4489 | 5c24 244c | 894c 2458 | 895c 2464 

  0x000001f06406b23c: ;   {runtime_call UncommonTrapBlob}
  0x000001f06406b23c: c5f8 77e8 

  0x000001f06406b240: ; ImmutableOopMap {[40]=Oop [48]=Oop [64]=Oop [88]=Oop }
                      ;*if_icmpgt {reexecute=1 rethrow=0 return_oop=0}
                      ; - (reexecute) java.lang.String::checkBoundsBeginEnd@6 (line 4605)
                      ; - java.lang.String::substring@8 (line 2709)
                      ; - java.lang.Class::getPackageName@62 (line 1086)
                      ; - java.lang.ClassLoader::postDefineClass@2 (line 924)
                      ; - java.lang.ClassLoader::defineClass@37 (line 1018)
  0x000001f06406b240: bcee 55ff | ba45 ffff | ff44 895c | 2420 4489 | 5c24 244c | 894c 2458 | 895c 2464 | 895c 2468 
  0x000001f06406b260: ;   {runtime_call UncommonTrapBlob}
  0x000001f06406b260: c5f8 77e8 

  0x000001f06406b264: ; ImmutableOopMap {[40]=Oop [48]=Oop [64]=Oop [88]=Oop }
                      ;*if_icmple {reexecute=1 rethrow=0 return_oop=0}
                      ; - (reexecute) java.lang.String::checkBoundsBeginEnd@11 (line 4605)
                      ; - java.lang.String::substring@8 (line 2709)
                      ; - java.lang.Class::getPackageName@62 (line 1086)
                      ; - java.lang.ClassLoader::postDefineClass@2 (line 924)
                      ; - java.lang.ClassLoader::defineClass@37 (line 1018)
  0x000001f06406b264: 98ee 55ff | 4c89 5c24 | 4044 894c | 2438 48ba | 0000 0000 | f001 0000 | 4803 d190 

  0x000001f06406b280: ;   {runtime_call _new_array_Java}
  0x000001f06406b280: c5f8 77e8 

  0x000001f06406b284: ; ImmutableOopMap {rbp=Oop [32]=Oop [40]=Oop [48]=Oop [56]=NarrowOop }
                      ;*invokevirtual clone {reexecute=1 rethrow=0 return_oop=1}
                      ; - (reexecute) java.security.CodeSource::getCertificates@11 (line 203)
                      ; - java.lang.ClassLoader::postDefineClass@24 (line 927)
                      ; - java.lang.ClassLoader::defineClass@37 (line 1018)
  0x000001f06406b284: f880 60ff | 448b 4c24 | 384c 8b5c | 2440 e9dc | f7ff ff48 | 8954 2440 | 4489 4424 | 3c44 895c 
  0x000001f06406b2a4: 2438 4889 | 6c24 2048 | 8b6c 2430 

  0x000001f06406b2b0: ;   {metadata('java/util/ArrayList')}
  0x000001f06406b2b0: 48ba 10df | 0000 f001 | 0000 6690 

  0x000001f06406b2bc: ;   {runtime_call _new_instance_Java}
  0x000001f06406b2bc: c5f8 77e8 

  0x000001f06406b2c0: ; ImmutableOopMap {rbp=Oop [40]=Oop [48]=Oop [56]=NarrowOop [60]=NarrowOop [64]=Oop }
                      ;*new {reexecute=0 rethrow=0 return_oop=1}
                      ; - java.security.CodeSource::getCertificates@25 (line 207)
                      ; - java.lang.ClassLoader::postDefineClass@24 (line 927)
                      ; - java.lang.ClassLoader::defineClass@37 (line 1018)
  0x000001f06406b2c0: bc7d 60ff | 488b 6c24 | 2044 8b5c | 2438 448b | 4424 3c48 | 8b54 2440 | e907 f8ff | ff48 895c 
  0x000001f06406b2e0: 2448 4889 | 5424 4044 | 895c 2438 | 4c8b 5c24 | 304c 895c 

  0x000001f06406b2f4: ;   {metadata('java/security/cert/Certificate'[])}
  0x000001f06406b2f4: 2420 48ba | a029 1200 | f001 0000 | 458b c290 

  0x000001f06406b304: ;   {runtime_call _new_array_Java}
  0x000001f06406b304: c5f8 77e8 

  0x000001f06406b308: ; ImmutableOopMap {[32]=Oop [40]=Oop [48]=Oop [56]=NarrowOop [64]=Oop [72]=Oop }
                      ;*anewarray {reexecute=0 rethrow=0 return_oop=1}
                      ; - java.security.CodeSource::getCertificates@73 (line 214)
                      ; - java.lang.ClassLoader::postDefineClass@24 (line 927)
                      ; - java.lang.ClassLoader::defineClass@37 (line 1018)
  0x000001f06406b308: 7480 60ff | 4c8b c0e9 | 8cf9 ffff | 48ba 0000 | 0000 f001 | 0000 4903 | d266 6690 

  0x000001f06406b324: ;   {runtime_call _new_array_Java}
  0x000001f06406b324: c5f8 77e8 

  0x000001f06406b328: ; ImmutableOopMap {[32]=Oop [40]=Oop [56]=Oop }
                      ;*invokevirtual clone {reexecute=1 rethrow=0 return_oop=1}
                      ; - (reexecute) java.security.CodeSource::getCertificates@89 (line 215)
                      ; - java.lang.ClassLoader::postDefineClass@24 (line 927)
                      ; - java.lang.ClassLoader::defineClass@37 (line 1018)
  0x000001f06406b328: 5480 60ff | e954 faff | ffba e4ff | ffff 488b | 6c24 304c | 8b54 2428 | 4c89 5424 | 2044 895c 
  0x000001f06406b348: 2430 4889 | 5c24 4044 | 8944 2448 | 4489 4c24 | 4c66 6690 

  0x000001f06406b35c: ;   {runtime_call UncommonTrapBlob}
  0x000001f06406b35c: c5f8 77e8 

  0x000001f06406b360: ; ImmutableOopMap {rbp=Oop [32]=Oop [48]=NarrowOop [64]=Oop [72]=NarrowOop }
                      ;*aaload {reexecute=0 rethrow=0 return_oop=0}
                      ; - java.security.CodeSource::getCertificates@50 (line 210)
                      ; - java.lang.ClassLoader::postDefineClass@24 (line 927)
                      ; - java.lang.ClassLoader::defineClass@37 (line 1018)
  0x000001f06406b360: 9ced 55ff | 4963 cae9 | 3bf8 ffff | 498b d7c5 | f877 49ba | c0cf 4c07 | ff7f 0000 | 41ff d2e9 
  0x000001f06406b380: 4ff9 ffff | baf6 ffff | ff66 6690 

  0x000001f06406b38c: ;   {runtime_call UncommonTrapBlob}
  0x000001f06406b38c: c5f8 77e8 

  0x000001f06406b390: ; ImmutableOopMap {}
                      ;*invokevirtual clone {reexecute=1 rethrow=0 return_oop=0}
                      ; - (reexecute) java.security.CodeSource::getCertificates@89 (line 215)
                      ; - java.lang.ClassLoader::postDefineClass@24 (line 927)
                      ; - java.lang.ClassLoader::defineClass@37 (line 1018)
  0x000001f06406b390: 6ced 55ff | bade ffff | ff44 8b54 | 2438 4489 | 5424 3448 | 8944 2438 

  0x000001f06406b3a8: ;   {runtime_call UncommonTrapBlob}
  0x000001f06406b3a8: c5f8 77e8 

  0x000001f06406b3ac: ; ImmutableOopMap {[32]=Oop [40]=Oop [52]=NarrowOop [56]=Oop }
                      ;*checkcast {reexecute=0 rethrow=0 return_oop=0}
                      ; - java.security.CodeSource::getCertificates@79 (line 213)
                      ; - java.lang.ClassLoader::postDefineClass@24 (line 927)
                      ; - java.lang.ClassLoader::defineClass@37 (line 1018)
  0x000001f06406b3ac: 50ed 55ff | baf6 ffff | ff66 6690 

  0x000001f06406b3b8: ;   {runtime_call UncommonTrapBlob}
  0x000001f06406b3b8: c5f8 77e8 

  0x000001f06406b3bc: ; ImmutableOopMap {}
                      ;*invokevirtual getCodeSource {reexecute=0 rethrow=0 return_oop=0}
                      ; - java.lang.ClassLoader::defineClassSourceLocation@1 (line 914)
                      ; - java.lang.ClassLoader::defineClass@12 (line 1016)
  0x000001f06406b3bc: 40ed 55ff | baf6 ffff | ff66 6690 

  0x000001f06406b3c8: ;   {runtime_call UncommonTrapBlob}
  0x000001f06406b3c8: c5f8 77e8 

  0x000001f06406b3cc: ; ImmutableOopMap {}
                      ;*invokevirtual getPackageName {reexecute=0 rethrow=0 return_oop=0}
                      ; - java.lang.ClassLoader::postDefineClass@2 (line 924)
                      ; - java.lang.ClassLoader::defineClass@37 (line 1018)
  0x000001f06406b3cc: 30ed 55ff | 4d85 d240 | 0f95 c540 | 0fb6 ed83 | f501 ba45 | ffff ff4c | 8b54 2440 | 4c89 5424 
  0x000001f06406b3ec: 3866 6690 

  0x000001f06406b3f0: ;   {runtime_call UncommonTrapBlob}
  0x000001f06406b3f0: c5f8 77e8 

  0x000001f06406b3f4: ; ImmutableOopMap {[40]=Oop [48]=Oop [56]=Oop }
                      ;*ifeq {reexecute=1 rethrow=0 return_oop=0}
                      ; - (reexecute) java.lang.Class::getPackageName@29 (line 1081)
                      ; - java.lang.ClassLoader::postDefineClass@2 (line 924)
                      ; - java.lang.ClassLoader::defineClass@37 (line 1018)
  0x000001f06406b3f4: 08ed 55ff | baf6 ffff | ff66 6690 

  0x000001f06406b400: ;   {runtime_call UncommonTrapBlob}
  0x000001f06406b400: c5f8 77e8 

  0x000001f06406b404: ; ImmutableOopMap {}
                      ;*arraylength {reexecute=0 rethrow=0 return_oop=0}
                      ; - java.lang.String::length@4 (line 1481)
                      ; - java.lang.String::lastIndexOf@3 (line 2451)
                      ; - java.lang.Class::getPackageName@47 (line 1085)
                      ; - java.lang.ClassLoader::postDefineClass@2 (line 924)
                      ; - java.lang.ClassLoader::defineClass@37 (line 1018)
  0x000001f06406b404: f8ec 55ff | baf6 ffff | ff41 8be9 

  0x000001f06406b410: ;   {runtime_call UncommonTrapBlob}
  0x000001f06406b410: c5f8 77e8 

  0x000001f06406b414: ; ImmutableOopMap {}
                      ;*aaload {reexecute=0 rethrow=0 return_oop=0}
                      ; - java.security.CodeSource::getCertificates@50 (line 210)
                      ; - java.lang.ClassLoader::postDefineClass@24 (line 927)
                      ; - java.lang.ClassLoader::defineClass@37 (line 1018)
  0x000001f06406b414: e8ec 55ff | baf6 ffff | ff66 6690 

  0x000001f06406b420: ;   {runtime_call UncommonTrapBlob}
  0x000001f06406b420: c5f8 77e8 

  0x000001f06406b424: ; ImmutableOopMap {}
                      ;*invokevirtual getSignerCertPath {reexecute=0 rethrow=0 return_oop=0}
                      ; - java.security.CodeSource::getCertificates@51 (line 211)
                      ; - java.lang.ClassLoader::postDefineClass@24 (line 927)
                      ; - java.lang.ClassLoader::defineClass@37 (line 1018)
  0x000001f06406b424: d8ec 55ff | baf6 ffff | ff66 6690 

  0x000001f06406b430: ;   {runtime_call UncommonTrapBlob}
  0x000001f06406b430: c5f8 77e8 

  0x000001f06406b434: ; ImmutableOopMap {}
                      ;*invokevirtual getCertificates {reexecute=0 rethrow=0 return_oop=0}
                      ; - java.security.CodeSource::getCertificates@54 (line 211)
                      ; - java.lang.ClassLoader::postDefineClass@24 (line 927)
                      ; - java.lang.ClassLoader::defineClass@37 (line 1018)
  0x000001f06406b434: c8ec 55ff | baf6 ffff | ff66 6690 

  0x000001f06406b440: ;   {runtime_call UncommonTrapBlob}
  0x000001f06406b440: c5f8 77e8 

  0x000001f06406b444: ; ImmutableOopMap {}
                      ;*arraylength {reexecute=0 rethrow=0 return_oop=0}
                      ; - java.security.CodeSource::getCertificates@40 (line 209)
                      ; - java.lang.ClassLoader::postDefineClass@24 (line 927)
                      ; - java.lang.ClassLoader::defineClass@37 (line 1018)
  0x000001f06406b444: b8ec 55ff | baf4 ffff | ff66 6690 

  0x000001f06406b450: ;   {runtime_call UncommonTrapBlob}
  0x000001f06406b450: c5f8 77e8 

  0x000001f06406b454: ; ImmutableOopMap {[32]=Oop [40]=Oop [56]=NarrowOop }
                      ;*checkcast {reexecute=0 rethrow=0 return_oop=0}
                      ; - java.security.CodeSource::getCertificates@79 (line 213)
                      ; - java.lang.ClassLoader::postDefineClass@24 (line 927)
                      ; - java.lang.ClassLoader::defineClass@37 (line 1018)
  0x000001f06406b454: a8ec 55ff | ba97 ffff | ff48 8b6c | 2420 6690 

  0x000001f06406b464: ;   {runtime_call UncommonTrapBlob}
  0x000001f06406b464: c5f8 77e8 

  0x000001f06406b468: ; ImmutableOopMap {rbp=Oop [40]=Oop [56]=NarrowOop }
                      ;*invokevirtual clone {reexecute=1 rethrow=0 return_oop=0}
                      ; - (reexecute) java.security.CodeSource::getCertificates@11 (line 203)
                      ; - java.lang.ClassLoader::postDefineClass@24 (line 927)
                      ; - java.lang.ClassLoader::defineClass@37 (line 1018)
  0x000001f06406b468: 94ec 55ff | ba97 ffff | ff66 6690 

  0x000001f06406b474: ;   {runtime_call UncommonTrapBlob}
  0x000001f06406b474: c5f8 77e8 

  0x000001f06406b478: ; ImmutableOopMap {[32]=Oop [40]=Oop [56]=Oop }
                      ;*invokevirtual clone {reexecute=1 rethrow=0 return_oop=0}
                      ; - (reexecute) java.security.CodeSource::getCertificates@89 (line 215)
                      ; - java.lang.ClassLoader::postDefineClass@24 (line 927)
                      ; - java.lang.ClassLoader::defineClass@37 (line 1018)
  0x000001f06406b478: 84ec 55ff | eb10 eb0e | eb0c eb0a | eb08 eb06 | eb04 eb02 | eb00 488b | d0eb 0d48 | 8bd0 eb08 
  0x000001f06406b498: 488b d0eb | 0348 8bd0 | c5f8 7748 | 81c4 a000 

  0x000001f06406b4a8: ;   {runtime_call _rethrow_Java}
  0x000001f06406b4a8: 0000 5de9 | d09c 60ff 

  0x000001f06406b4b0: ;   {internal_word}
  0x000001f06406b4b0: 49ba 94a9 | 0664 f001 | 0000 4d89 | 9768 0300 

  0x000001f06406b4c0: ;   {runtime_call SafepointBlob}
  0x000001f06406b4c0: 00e9 bada | 55ff f4f4 | f4f4 f4f4 | f4f4 f4f4 | f4f4 f4f4 | f4f4 f4f4 | f4f4 f4f4 | f4f4 f4f4 
[Stub Code]
  0x000001f06406b4e0: ;   {no_reloc}
  0x000001f06406b4e0: 48bb 0000 | 0000 0000 

  0x000001f06406b4e8: ;   {runtime_call}
  0x000001f06406b4e8: 0000 e9fb 

  0x000001f06406b4ec: ;   {static_stub}
  0x000001f06406b4ec: ffff ff48 | bb00 0000 | 0000 0000 

  0x000001f06406b4f8: ;   {runtime_call}
  0x000001f06406b4f8: 00e9 fbff 

  0x000001f06406b4fc: ;   {static_stub}
  0x000001f06406b4fc: ffff 48bb | 0000 0000 | 0000 0000 

  0x000001f06406b508: ;   {runtime_call}
  0x000001f06406b508: e9fb ffff 

  0x000001f06406b50c: ;   {static_stub}
  0x000001f06406b50c: ff48 bb00 | 0000 0000 

  0x000001f06406b514: ;   {runtime_call}
  0x000001f06406b514: 0000 00e9 | fbff ffff 

  0x000001f06406b51c: ;   {static_stub}
  0x000001f06406b51c: 48bb 0000 | 0000 0000 

  0x000001f06406b524: ;   {runtime_call}
  0x000001f06406b524: 0000 e9fb 

  0x000001f06406b528: ;   {static_stub}
  0x000001f06406b528: ffff ff48 | bb00 0000 | 0000 0000 

  0x000001f06406b534: ;   {runtime_call}
  0x000001f06406b534: 00e9 fbff 

  0x000001f06406b538: ;   {static_stub}
  0x000001f06406b538: ffff 48bb | 0000 0000 | 0000 0000 

  0x000001f06406b544: ;   {runtime_call}
  0x000001f06406b544: e9fb ffff 

  0x000001f06406b548: ;   {static_stub}
  0x000001f06406b548: ff48 bb00 | 0000 0000 

  0x000001f06406b550: ;   {runtime_call}
  0x000001f06406b550: 0000 00e9 | fbff ffff 

  0x000001f06406b558: ;   {static_stub}
  0x000001f06406b558: 48bb 0000 | 0000 0000 

  0x000001f06406b560: ;   {runtime_call}
  0x000001f06406b560: 0000 e9fb 

  0x000001f06406b564: ;   {runtime_call ExceptionBlob}
  0x000001f06406b564: ffff ffe9 | 14e3 5fff 
[Deopt Handler Code]
  0x000001f06406b56c: e800 0000 | 0048 832c 

  0x000001f06406b574: ;   {runtime_call DeoptimizationBlob}
  0x000001f06406b574: 2405 e9a5 | ee55 fff4 | f4f4 f4f4 
[/MachCode]


Compiled method (c2) 309588 4659       4       java.security.SecureClassLoader::defineClass (16 bytes)
 total in heap  [0x000001f063db6610,0x000001f063db6d00] = 1776
 relocation     [0x000001f063db6770,0x000001f063db67c0] = 80
 main code      [0x000001f063db67c0,0x000001f063db6a60] = 672
 stub code      [0x000001f063db6a60,0x000001f063db6a98] = 56
 metadata       [0x000001f063db6a98,0x000001f063db6ac8] = 48
 scopes data    [0x000001f063db6ac8,0x000001f063db6bd0] = 264
 scopes pcs     [0x000001f063db6bd0,0x000001f063db6c80] = 176
 dependencies   [0x000001f063db6c80,0x000001f063db6c88] = 8
 handler table  [0x000001f063db6c88,0x000001f063db6ce8] = 96
 nul chk table  [0x000001f063db6ce8,0x000001f063db6d00] = 24

[Constant Pool (empty)]

[MachCode]
[Entry Point]
  # {method} {0x000001f000435008} 'defineClass' '(Ljava/lang/String;[BIILjava/security/CodeSource;)Ljava/lang/Class;' in 'java/security/SecureClassLoader'
  # this:     rdx:rdx   = 'java/security/SecureClassLoader'
  # parm0:    r8:r8     = 'java/lang/String'
  # parm1:    r9:r9     = '[B'
  # parm2:    rdi       = int
  # parm3:    rsi       = int
  # parm4:    rcx:rcx   = 'java/security/CodeSource'
  #           [sp+0x60]  (sp of caller)
  0x000001f063db67c0: 448b 5208 | 49bb 0000 | 0000 f001 | 0000 4d03 | d349 3bc2 

  0x000001f063db67d4: ;   {runtime_call ic_miss_stub}
  0x000001f063db67d4: 0f85 a6ad | 80ff 6690 | 0f1f 4000 
[Verified Entry Point]
  0x000001f063db67e0: 8984 2400 | 90ff ff55 | 4883 ec50 | 8974 2424 | 897c 2420 | 4c89 4c24 | 104c 8944 | 2408 4889 
  0x000001f063db6800: 5424 1848 | 894c 2438 | 4885 c90f | 848f 0100 | 004d 8b87 | 0801 0000 | 4d8b d049 | 83c2 104d 
  0x000001f063db6820: 3b97 1801 | 0000 0f83 | 1201 0000 | 4d89 9708 | 0100 0041 | 0f0d 8ac0 | 0000 0049 | c700 0100 
  0x000001f063db6840: ;   {metadata('java/security/SecureClassLoader$CodeSourceKey')}
  0x000001f063db6840: 0000 41c7 | 4008 e083 | 1400 4c8b | 5424 384d | 8bda 4589 | 580c 4d8b | 8f08 0100 | 004c 8b54 
  0x000001f063db6860: 2418 418b | 6a50 4d8b | d149 83c2 | 184d 3b97 | 1801 0000 | 0f83 8d00 | 0000 4d89 | 9708 0100 
  0x000001f063db6880: 0041 0f0d | 8ac0 0000 | 0049 c701 | 0100 0000 

  0x000001f063db6890: ;   {metadata('java/security/SecureClassLoader$1')}
  0x000001f063db6890: 41c7 4108 | f085 1400 | 4589 6114 | 4589 590c | 4c8b 5424 | 1845 8951 | 1044 8b55 

  0x000001f063db68ac: ;   {metadata('java/util/concurrent/ConcurrentHashMap')}
  0x000001f063db68ac: 0841 81fa | 38e4 0000 | 0f85 a200 | 0000 488b 

  0x000001f063db68bc: ;   {optimized virtual_call}
  0x000001f063db68bc: d566 90e8 

  0x000001f063db68c0: ; ImmutableOopMap {[8]=Oop [16]=Oop [24]=Oop }
                      ;*invokeinterface computeIfAbsent {reexecute=0 rethrow=0 return_oop=1}
                      ; - java.security.SecureClassLoader::getProtectionDomain@29 (line 222)
                      ; - java.security.SecureClassLoader::defineClass@9 (line 150)
  0x000001f063db68c0: 1c19 2d00 

  0x000001f063db68c4: ; implicit exception: dispatches to 0x000001f063db6a04
  0x000001f063db68c4: 448b 5808 

  0x000001f063db68c8: ;   {metadata('java/security/ProtectionDomain')}
  0x000001f063db68c8: 4181 fb80 | ec00 000f | 85f3 0000 | 0048 8bc8 | 488b 5424 | 184c 8b44 | 2408 4c8b | 4c24 108b 
  0x000001f063db68e8: 7c24 208b 

  0x000001f063db68ec: ;   {optimized virtual_call}
  0x000001f063db68ec: 7424 24e8 

  0x000001f063db68f0: ; ImmutableOopMap {}
                      ;*invokevirtual defineClass {reexecute=0 rethrow=0 return_oop=1}
                      ; - java.security.SecureClassLoader::defineClass@12 (line 150)
  0x000001f063db68f0: 0c3d 2b00 | 4883 c450 

  0x000001f063db68f8: ;   {poll_return}
  0x000001f063db68f8: 5d49 3ba7 | 5003 0000 | 0f87 3801 | 0000 c344 | 895c 2430 | 4c89 4424 

  0x000001f063db6910: ;   {metadata('java/security/SecureClassLoader$1')}
  0x000001f063db6910: 2848 baf0 | 8514 00f0 | 0100 0048 | ff74 2438 | 488f 0424 

  0x000001f063db6924: ;   {runtime_call _new_instance_Java}
  0x000001f063db6924: 6666 90e8 

  0x000001f063db6928: ; ImmutableOopMap {rbp=NarrowOop [0]=Oop [8]=Oop [16]=Oop [24]=Oop [40]=Oop [48]=NarrowOop }
                      ;*new {reexecute=0 rethrow=0 return_oop=1}
                      ; - java.security.SecureClassLoader::getProtectionDomain@20 (line 222)
                      ; - java.security.SecureClassLoader::defineClass@9 (line 150)
  0x000001f063db6928: 54c7 8bff | 4c8b 4424 | 2844 8b5c | 2430 4c8b | c8e9 5eff 

  0x000001f063db693c: ;   {metadata('java/security/SecureClassLoader$CodeSourceKey')}
  0x000001f063db693c: ffff 48ba | e083 1400 | f001 0000 | 488b 6c24 

  0x000001f063db694c: ;   {runtime_call _new_instance_Java}
  0x000001f063db694c: 1866 90e8 

  0x000001f063db6950: ; ImmutableOopMap {rbp=Oop [8]=Oop [16]=Oop [24]=Oop [56]=Oop }
                      ;*new {reexecute=0 rethrow=0 return_oop=1}
                      ; - java.security.SecureClassLoader::getProtectionDomain@6 (line 221)
                      ; - java.security.SecureClassLoader::defineClass@9 (line 150)
  0x000001f063db6950: 2cc7 8bff | 4c8b c0e9 | eefe ffff | bade ffff | ff48 ff74 | 2418 488f | 0424 4889 | 4424 f88b 
  0x000001f063db6970: 4424 2089 | 4424 1848 | 8b44 24f8 | 4889 4424 | f88b 4424 | 2489 4424 | 1c48 8b44 | 24f8 4c89 
  0x000001f063db6990: 4424 204c | 894c 2428 

  0x000001f063db6998: ;   {runtime_call UncommonTrapBlob}
  0x000001f063db6998: 6666 90e8 

  0x000001f063db699c: ; ImmutableOopMap {rbp=NarrowOop [0]=Oop [8]=Oop [16]=Oop [32]=Oop [40]=Oop }
                      ;*invokeinterface computeIfAbsent {reexecute=0 rethrow=0 return_oop=0}
                      ; - java.security.SecureClassLoader::getProtectionDomain@29 (line 222)
                      ; - java.security.SecureClassLoader::defineClass@9 (line 150)
  0x000001f063db699c: 6037 81ff | ba45 ffff | ff48 8b6c | 2418 4c89 | 0424 4c89 | 4c24 0889 | 7c24 1089 | 7424 1448 
  0x000001f063db69bc: 894c 2428 

  0x000001f063db69c0: ;   {runtime_call UncommonTrapBlob}
  0x000001f063db69c0: 6666 90e8 

  0x000001f063db69c4: ; ImmutableOopMap {rbp=Oop [0]=Oop [8]=Oop [40]=Oop [56]=Oop }
                      ;*ifnonnull {reexecute=1 rethrow=0 return_oop=0}
                      ; - (reexecute) java.security.SecureClassLoader::getProtectionDomain@1 (line 213)
                      ; - java.security.SecureClassLoader::defineClass@9 (line 150)
  0x000001f063db69c4: 3837 81ff | bade ffff | ff48 8b6c | 2418 4c8b | 5424 084c | 8914 244c | 8b54 2410 | 4c89 5424 
  0x000001f063db69e4: 0848 8944 

  0x000001f063db69e8: ;   {runtime_call UncommonTrapBlob}
  0x000001f063db69e8: 2418 90e8 

  0x000001f063db69ec: ; ImmutableOopMap {rbp=Oop [0]=Oop [8]=Oop [24]=Oop }
                      ;*checkcast {reexecute=0 rethrow=0 return_oop=0}
                      ; - java.security.SecureClassLoader::getProtectionDomain@34 (line 222)
                      ; - java.security.SecureClassLoader::defineClass@9 (line 150)
  0x000001f063db69ec: 1037 81ff | baf6 ffff | ff49 8be8 | 4c89 0c24 

  0x000001f063db69fc: ;   {runtime_call UncommonTrapBlob}
  0x000001f063db69fc: 6666 90e8 

  0x000001f063db6a00: ; ImmutableOopMap {rbp=Oop [0]=Oop }
                      ;*invokeinterface computeIfAbsent {reexecute=0 rethrow=0 return_oop=0}
                      ; - java.security.SecureClassLoader::getProtectionDomain@29 (line 222)
                      ; - java.security.SecureClassLoader::defineClass@9 (line 150)
  0x000001f063db6a00: fc36 81ff | baf4 ffff | ff48 8b6c | 2418 4c8b | 5424 084c | 8914 244c | 8b54 2410 | 4c89 5424 
  0x000001f063db6a20: ;   {runtime_call UncommonTrapBlob}
  0x000001f063db6a20: 0866 90e8 

  0x000001f063db6a24: ; ImmutableOopMap {rbp=Oop [0]=Oop [8]=Oop }
                      ;*checkcast {reexecute=0 rethrow=0 return_oop=0}
                      ; - java.security.SecureClassLoader::getProtectionDomain@34 (line 222)
                      ; - java.security.SecureClassLoader::defineClass@9 (line 150)
  0x000001f063db6a24: d836 81ff | eb02 eb00 | 488b d0eb | 0348 8bd0 | 4883 c450 

  0x000001f063db6a38: ;   {runtime_call _rethrow_Java}
  0x000001f063db6a38: 5de9 42e7 

  0x000001f063db6a3c: ;   {internal_word}
  0x000001f063db6a3c: 8bff 49ba | f968 db63 | f001 0000 | 4d89 9768 

  0x000001f063db6a4c: ;   {runtime_call SafepointBlob}
  0x000001f063db6a4c: 0300 00e9 | 2c25 81ff | f4f4 f4f4 | f4f4 f4f4 | f4f4 f4f4 
[Stub Code]
  0x000001f063db6a60: ;   {no_reloc}
  0x000001f063db6a60: 48bb 50ca | 4200 f001 

  0x000001f063db6a68: ;   {runtime_call I2C/C2I adapters}
  0x000001f063db6a68: 0000 e9f2 

  0x000001f063db6a6c: ;   {static_stub}
  0x000001f063db6a6c: 3381 ff48 | bba8 0c01 | 00f0 0100 

  0x000001f063db6a78: ;   {runtime_call I2C/C2I adapters}
  0x000001f063db6a78: 00e9 6d18 

  0x000001f063db6a7c: ;   {runtime_call ExceptionBlob}
  0x000001f063db6a7c: 80ff e9fd | 2d8b ffe8 | 0000 0000 | 4883 2c24 

  0x000001f063db6a8c: ;   {runtime_call DeoptimizationBlob}
  0x000001f063db6a8c: 05e9 8e39 | 81ff f4f4 | f4f4 f4f4 
[/MachCode]


---------------  P R O C E S S  ---------------

Threads class SMR info:
_java_thread_list=0x000001f07db32b00, length=142, elements={
0x000001f0544d0750, 0x000001f072988780, 0x000001f072989eb0, 0x000001f0729a2030,
0x000001f0729a2900, 0x000001f0729a31d0, 0x000001f0729a4700, 0x000001f0729a6010,
0x000001f0729b8990, 0x000001f0729bd3a0, 0x000001f072ac1f00, 0x000001f072bd2da0,
0x000001f0778ef3e0, 0x000001f078082400, 0x000001f0781ee1a0, 0x000001f07857f050,
0x000001f07857f530, 0x000001f0784f67f0, 0x000001f0784f8140, 0x000001f0784f5dd0,
0x000001f0784f7720, 0x000001f0784f62e0, 0x000001f0784f8b60, 0x000001f0784f6d00,
0x000001f0784f58c0, 0x000001f0784f7c30, 0x000001f0784f7210, 0x000001f0784f9070,
0x000001f0785c3720, 0x000001f0785c18c0, 0x000001f0785c2d00, 0x000001f0785c27f0,
0x000001f0785c13b0, 0x000001f0785c22e0, 0x000001f0785c3210, 0x000001f0785c0ea0,
0x000001f0785c4140, 0x000001f0785c73e0, 0x000001f0785c5070, 0x000001f0785c6ed0,
0x000001f0785c3c30, 0x000001f0785c64b0, 0x000001f0785c5fa0, 0x000001f0785c69c0,
0x000001f0785c78f0, 0x000001f0785c4b60, 0x000001f0785c4650, 0x000001f0785c5a90,
0x000001f077758510, 0x000001f0777575e0, 0x000001f0777566b0, 0x000001f077754d60,
0x000001f077756bc0, 0x000001f077758000, 0x000001f077758f30, 0x000001f077757af0,
0x000001f077758a20, 0x000001f077755780, 0x000001f077759440, 0x000001f0777561a0,
0x000001f07775a370, 0x000001f07775c1d0, 0x000001f07775ad90, 0x000001f07775a880,
0x000001f07775b2a0, 0x000001f07775bcc0, 0x000001f07a421ed0, 0x000001f07a424750,
0x000001f07a423310, 0x000001f07a422e00, 0x000001f07a4223e0, 0x000001f07a4219c0,
0x000001f07a4228f0, 0x000001f07a423820, 0x000001f07a420fa0, 0x000001f07a423d30,
0x000001f07a4214b0, 0x000001f07a426fd0, 0x000001f07a4265b0, 0x000001f07a427f00,
0x000001f07a426ac0, 0x000001f07a4274e0, 0x000001f07a425b90, 0x000001f07a428410,
0x000001f077759950, 0x000001f0784f8650, 0x000001f0785c5580, 0x000001f07d089a80,
0x000001f07d08a4a0, 0x000001f07d08c810, 0x000001f07d089570, 0x000001f07d08b8e0,
0x000001f07d089f90, 0x000001f07d08a9b0, 0x000001f07d08aec0, 0x000001f07d08bdf0,
0x000001f07d08b3d0, 0x000001f07d08c300, 0x000001f07d089060, 0x000001f07d08f5a0,
0x000001f07d08e670, 0x000001f07d0904d0, 0x000001f07d08eb80, 0x000001f07d08d740,
0x000001f07d08f090, 0x000001f07d08ffc0, 0x000001f07d08dc50, 0x000001f07d08e160,
0x000001f07d08fab0, 0x000001f07d08cd20, 0x000001f07d0909e0, 0x000001f07d08d230,
0x000001f07775c6e0, 0x000001f07b02b960, 0x000001f07b02c380, 0x000001f07b02af40,
0x000001f07b02d7c0, 0x000001f07b02be70, 0x000001f07b02aa30, 0x000001f07b02c890,
0x000001f07b02dcd0, 0x000001f07b02cda0, 0x000001f07b02e6f0, 0x000001f07b02d2b0,
0x000001f07b02e1e0, 0x000001f07b02ec00, 0x000001f07b030040, 0x000001f07b030550,
0x000001f07b030a60, 0x000001f07b02f110, 0x000001f07b030f70, 0x000001f07b031990,
0x000001f07b02f620, 0x000001f07b02fb30, 0x000001f07d7dd0f0, 0x000001f07d7df460,
0x000001f07d7dd600, 0x000001f07d7dbcb0, 0x000001f07d7def50, 0x000001f07d7dcbe0,
0x000001f07d7df970, 0x000001f07d7de530
}

Java Threads: ( => current thread )
  0x000001f0544d0750 JavaThread "main" [_thread_blocked, id=17152, stack(0x0000005e16b00000,0x0000005e16c00000)]
  0x000001f072988780 JavaThread "Reference Handler" daemon [_thread_blocked, id=23900, stack(0x0000005e17200000,0x0000005e17300000)]
  0x000001f072989eb0 JavaThread "Finalizer" daemon [_thread_blocked, id=24736, stack(0x0000005e17300000,0x0000005e17400000)]
  0x000001f0729a2030 JavaThread "Signal Dispatcher" daemon [_thread_blocked, id=25232, stack(0x0000005e17400000,0x0000005e17500000)]
  0x000001f0729a2900 JavaThread "Attach Listener" daemon [_thread_blocked, id=10884, stack(0x0000005e17500000,0x0000005e17600000)]
  0x000001f0729a31d0 JavaThread "Service Thread" daemon [_thread_blocked, id=11832, stack(0x0000005e17600000,0x0000005e17700000)]
  0x000001f0729a4700 JavaThread "Monitor Deflation Thread" daemon [_thread_blocked, id=22392, stack(0x0000005e17700000,0x0000005e17800000)]
  0x000001f0729a6010 JavaThread "C2 CompilerThread0" daemon [_thread_blocked, id=20616, stack(0x0000005e17800000,0x0000005e17900000)]
  0x000001f0729b8990 JavaThread "C1 CompilerThread0" daemon [_thread_blocked, id=16888, stack(0x0000005e17900000,0x0000005e17a00000)]
  0x000001f0729bd3a0 JavaThread "Sweeper thread" daemon [_thread_blocked, id=22504, stack(0x0000005e17a00000,0x0000005e17b00000)]
  0x000001f072ac1f00 JavaThread "Common-Cleaner" daemon [_thread_blocked, id=20868, stack(0x0000005e17b00000,0x0000005e17c00000)]
  0x000001f072bd2da0 JavaThread "Notification Thread" daemon [_thread_blocked, id=16176, stack(0x0000005e17c00000,0x0000005e17d00000)]
  0x000001f0778ef3e0 JavaThread "Daemon health stats" [_thread_blocked, id=10928, stack(0x0000005e18200000,0x0000005e18300000)]
  0x000001f078082400 JavaThread "Incoming local TCP Connector on port 52646" [_thread_in_native, id=15076, stack(0x0000005e18300000,0x0000005e18400000)]
  0x000001f0781ee1a0 JavaThread "Daemon periodic checks" [_thread_blocked, id=23848, stack(0x0000005e18400000,0x0000005e18500000)]
  0x000001f07857f050 JavaThread "Daemon" [_thread_blocked, id=20212, stack(0x0000005e18500000,0x0000005e18600000)]
  0x000001f07857f530 JavaThread "Handler for socket connection from /127.0.0.1:52646 to /127.0.0.1:52647" [_thread_in_native, id=22892, stack(0x0000005e18600000,0x0000005e18700000)]
  0x000001f0784f67f0 JavaThread "Cancel handler" [_thread_blocked, id=8216, stack(0x0000005e18700000,0x0000005e18800000)]
=>0x000001f0784f8140 JavaThread "Daemon worker" [_thread_in_vm, id=17324, stack(0x0000005e18800000,0x0000005e18900000)]
  0x000001f0784f5dd0 JavaThread "Asynchronous log dispatcher for DefaultDaemonConnection: socket connection from /127.0.0.1:52646 to /127.0.0.1:52647" [_thread_blocked, id=21768, stack(0x0000005e18900000,0x0000005e18a00000)]
  0x000001f0784f7720 JavaThread "Stdin handler" [_thread_blocked, id=5020, stack(0x0000005e18a00000,0x0000005e18b00000)]
  0x000001f0784f62e0 JavaThread "Daemon client event forwarder" [_thread_blocked, id=24584, stack(0x0000005e18b00000,0x0000005e18c00000)]
  0x000001f0784f8b60 JavaThread "Cache worker for journal cache (C:\Users\valmi\.gradle\caches\journal-1)" [_thread_blocked, id=25180, stack(0x0000005e18c00000,0x0000005e18d00000)]
  0x000001f0784f6d00 JavaThread "File lock request listener" [_thread_in_native, id=22768, stack(0x0000005e18d00000,0x0000005e18e00000)]
  0x000001f0784f58c0 JavaThread "Cache worker for file hash cache (C:\Users\valmi\.gradle\caches\8.3\fileHashes)" [_thread_blocked, id=25276, stack(0x0000005e18e00000,0x0000005e18f00000)]
  0x000001f0784f7c30 JavaThread "File watcher server" daemon [_thread_in_native, id=16452, stack(0x0000005e19200000,0x0000005e19300000)]
  0x000001f0784f7210 JavaThread "File watcher consumer" daemon [_thread_blocked, id=12900, stack(0x0000005e19300000,0x0000005e19400000)]
  0x000001f0784f9070 JavaThread "Cache worker for checksums cache (D:\TempFinservApp\android\.gradle\8.3\checksums)" [_thread_blocked, id=11160, stack(0x0000005e19400000,0x0000005e19500000)]
  0x000001f0785c3720 JavaThread "Cache worker for file hash cache (D:\TempFinservApp\android\.gradle\8.3\fileHashes)" [_thread_blocked, id=19360, stack(0x0000005e19500000,0x0000005e19600000)]
  0x000001f0785c18c0 JavaThread "Cache worker for cache directory md-supplier (C:\Users\valmi\.gradle\caches\8.3\md-supplier)" [_thread_blocked, id=23216, stack(0x0000005e19600000,0x0000005e19700000)]
  0x000001f0785c2d00 JavaThread "Cache worker for file content cache (C:\Users\valmi\.gradle\caches\8.3\fileContent)" [_thread_blocked, id=25112, stack(0x0000005e19700000,0x0000005e19800000)]
  0x000001f0785c27f0 JavaThread "Cache worker for cache directory md-rule (C:\Users\valmi\.gradle\caches\8.3\md-rule)" [_thread_blocked, id=9404, stack(0x0000005e19900000,0x0000005e19a00000)]
  0x000001f0785c13b0 JavaThread "Cache worker for execution history cache (C:\Users\valmi\.gradle\caches\8.3\executionHistory)" [_thread_blocked, id=10432, stack(0x0000005e19a00000,0x0000005e19b00000)]
  0x000001f0785c22e0 JavaThread "jar transforms" [_thread_blocked, id=3568, stack(0x0000005e19c00000,0x0000005e19d00000)]
  0x000001f0785c3210 JavaThread "jar transforms Thread 2" [_thread_blocked, id=24144, stack(0x0000005e19d00000,0x0000005e19e00000)]
  0x000001f0785c0ea0 JavaThread "jar transforms Thread 3" [_thread_blocked, id=13508, stack(0x0000005e19e00000,0x0000005e19f00000)]
  0x000001f0785c4140 JavaThread "jar transforms Thread 4" [_thread_blocked, id=25404, stack(0x0000005e19f00000,0x0000005e1a000000)]
  0x000001f0785c73e0 JavaThread "Cache worker for kotlin-dsl (C:\Users\valmi\.gradle\caches\8.3\kotlin-dsl)" [_thread_blocked, id=7640, stack(0x0000005e16a00000,0x0000005e16b00000)]
  0x000001f0785c5070 JavaThread "jar transforms Thread 5" [_thread_blocked, id=25372, stack(0x0000005e16800000,0x0000005e16900000)]
  0x000001f0785c6ed0 JavaThread "jar transforms Thread 6" [_thread_blocked, id=18096, stack(0x0000005e1a200000,0x0000005e1a300000)]
  0x000001f0785c3c30 JavaThread "Unconstrained build operations" [_thread_blocked, id=20100, stack(0x0000005e1a300000,0x0000005e1a400000)]
  0x000001f0785c64b0 JavaThread "Unconstrained build operations Thread 2" [_thread_blocked, id=22516, stack(0x0000005e1a400000,0x0000005e1a500000)]
  0x000001f0785c5fa0 JavaThread "jar transforms Thread 7" [_thread_blocked, id=5216, stack(0x0000005e1a500000,0x0000005e1a600000)]
  0x000001f0785c69c0 JavaThread "jar transforms Thread 8" [_thread_blocked, id=25260, stack(0x0000005e1a600000,0x0000005e1a700000)]
  0x000001f0785c78f0 JavaThread "Cache worker for dependencies-accessors (D:\TempFinservApp\android\.gradle\8.3\dependencies-accessors)" [_thread_blocked, id=19196, stack(0x0000005e1a700000,0x0000005e1a800000)]
  0x000001f0785c4b60 JavaThread "Cache worker for Build Output Cleanup Cache (D:\TempFinservApp\node_modules\@react-native\gradle-plugin\.gradle\buildOutputCleanup)" [_thread_blocked, id=13720, stack(0x0000005e1a800000,0x0000005e1a900000)]
  0x000001f0785c4650 JavaThread "Unconstrained build operations Thread 3" [_thread_blocked, id=23676, stack(0x0000005e1a900000,0x0000005e1aa00000)]
  0x000001f0785c5a90 JavaThread "Unconstrained build operations Thread 4" [_thread_blocked, id=24220, stack(0x0000005e1aa00000,0x0000005e1ab00000)]
  0x000001f077758510 JavaThread "Unconstrained build operations Thread 5" [_thread_blocked, id=1796, stack(0x0000005e1ab00000,0x0000005e1ac00000)]
  0x000001f0777575e0 JavaThread "Unconstrained build operations Thread 6" [_thread_blocked, id=4508, stack(0x0000005e1ac00000,0x0000005e1ad00000)]
  0x000001f0777566b0 JavaThread "Unconstrained build operations Thread 7" [_thread_blocked, id=25316, stack(0x0000005e1ad00000,0x0000005e1ae00000)]
  0x000001f077754d60 JavaThread "Unconstrained build operations Thread 8" [_thread_blocked, id=24796, stack(0x0000005e1ae00000,0x0000005e1af00000)]
  0x000001f077756bc0 JavaThread "Unconstrained build operations Thread 9" [_thread_blocked, id=19664, stack(0x0000005e1af00000,0x0000005e1b000000)]
  0x000001f077758000 JavaThread "Memory manager" [_thread_blocked, id=24776, stack(0x0000005e1b000000,0x0000005e1b100000)]
  0x000001f077758f30 JavaThread "Cache worker for Build Output Cleanup Cache (D:\TempFinservApp\android\.gradle\buildOutputCleanup)" [_thread_blocked, id=6140, stack(0x0000005e1b100000,0x0000005e1b200000)]
  0x000001f077757af0 JavaThread "ForkJoinPool.commonPool-worker-2" daemon [_thread_blocked, id=13540, stack(0x0000005e1b300000,0x0000005e1b400000)]
  0x000001f077758a20 JavaThread "ForkJoinPool.commonPool-worker-3" daemon [_thread_blocked, id=21760, stack(0x0000005e1b400000,0x0000005e1b500000)]
  0x000001f077755780 JavaThread "ForkJoinPool.commonPool-worker-4" daemon [_thread_blocked, id=20296, stack(0x0000005e1b500000,0x0000005e1b600000)]
  0x000001f077759440 JavaThread "ForkJoinPool.commonPool-worker-5" daemon [_thread_blocked, id=21564, stack(0x0000005e1b600000,0x0000005e1b700000)]
  0x000001f0777561a0 JavaThread "ForkJoinPool.commonPool-worker-7" daemon [_thread_blocked, id=17948, stack(0x0000005e1b800000,0x0000005e1b900000)]
  0x000001f07775a370 JavaThread "Execution worker" [_thread_blocked, id=10344, stack(0x0000005e1be00000,0x0000005e1bf00000)]
  0x000001f07775c1d0 JavaThread "Execution worker Thread 2" [_thread_blocked, id=21728, stack(0x0000005e1bf00000,0x0000005e1c000000)]
  0x000001f07775ad90 JavaThread "Execution worker Thread 3" [_thread_blocked, id=9620, stack(0x0000005e1c000000,0x0000005e1c100000)]
  0x000001f07775a880 JavaThread "Execution worker Thread 4" [_thread_blocked, id=20564, stack(0x0000005e1c100000,0x0000005e1c200000)]
  0x000001f07775b2a0 JavaThread "Execution worker Thread 5" [_thread_blocked, id=24096, stack(0x0000005e1c200000,0x0000005e1c300000)]
  0x000001f07775bcc0 JavaThread "Execution worker Thread 6" [_thread_blocked, id=1976, stack(0x0000005e1c300000,0x0000005e1c400000)]
  0x000001f07a421ed0 JavaThread "Execution worker Thread 7" [_thread_blocked, id=22788, stack(0x0000005e1c400000,0x0000005e1c500000)]
  0x000001f07a424750 JavaThread "Cache worker for execution history cache (D:\TempFinservApp\node_modules\@react-native\gradle-plugin\.gradle\8.3\executionHistory)" [_thread_blocked, id=21296, stack(0x0000005e1c500000,0x0000005e1c600000)]
  0x000001f07a423310 JavaThread "Unconstrained build operations Thread 10" [_thread_blocked, id=200, stack(0x0000005e1bc00000,0x0000005e1bd00000)]
  0x000001f07a422e00 JavaThread "Unconstrained build operations Thread 11" [_thread_blocked, id=16416, stack(0x0000005e1c600000,0x0000005e1c700000)]
  0x000001f07a4223e0 JavaThread "Unconstrained build operations Thread 12" [_thread_blocked, id=14828, stack(0x0000005e1c700000,0x0000005e1c800000)]
  0x000001f07a4219c0 JavaThread "Unconstrained build operations Thread 13" [_thread_blocked, id=25296, stack(0x0000005e1c800000,0x0000005e1c900000)]
  0x000001f07a4228f0 JavaThread "Unconstrained build operations Thread 14" [_thread_blocked, id=22728, stack(0x0000005e1c900000,0x0000005e1ca00000)]
  0x000001f07a423820 JavaThread "Unconstrained build operations Thread 15" [_thread_blocked, id=19400, stack(0x0000005e1ca00000,0x0000005e1cb00000)]
  0x000001f07a420fa0 JavaThread "Unconstrained build operations Thread 16" [_thread_blocked, id=4032, stack(0x0000005e1cb00000,0x0000005e1cc00000)]
  0x000001f07a423d30 JavaThread "Unconstrained build operations Thread 17" [_thread_blocked, id=25148, stack(0x0000005e1cc00000,0x0000005e1cd00000)]
  0x000001f07a4214b0 JavaThread "Unconstrained build operations Thread 18" [_thread_blocked, id=7804, stack(0x0000005e1cd00000,0x0000005e1ce00000)]
  0x000001f07a426fd0 JavaThread "Unconstrained build operations Thread 19" [_thread_blocked, id=11644, stack(0x0000005e1ce00000,0x0000005e1cf00000)]
  0x000001f07a4265b0 JavaThread "Unconstrained build operations Thread 20" [_thread_blocked, id=5768, stack(0x0000005e1cf00000,0x0000005e1d000000)]
  0x000001f07a427f00 JavaThread "Unconstrained build operations Thread 21" [_thread_blocked, id=20656, stack(0x0000005e1d000000,0x0000005e1d100000)]
  0x000001f07a426ac0 JavaThread "Unconstrained build operations Thread 22" [_thread_blocked, id=3332, stack(0x0000005e1d100000,0x0000005e1d200000)]
  0x000001f07a4274e0 JavaThread "Unconstrained build operations Thread 23" [_thread_blocked, id=7688, stack(0x0000005e1d200000,0x0000005e1d300000)]
  0x000001f07a425b90 JavaThread "Unconstrained build operations Thread 24" [_thread_blocked, id=3212, stack(0x0000005e1d300000,0x0000005e1d400000)]
  0x000001f07a428410 JavaThread "Unconstrained build operations Thread 25" [_thread_blocked, id=9224, stack(0x0000005e1d400000,0x0000005e1d500000)]
  0x000001f077759950 JavaThread "Unconstrained build operations Thread 26" [_thread_blocked, id=22480, stack(0x0000005e16900000,0x0000005e16a00000)]
  0x000001f0784f8650 JavaThread "Unconstrained build operations Thread 27" [_thread_blocked, id=22100, stack(0x0000005e1b700000,0x0000005e1b800000)]
  0x000001f0785c5580 JavaThread "Unconstrained build operations Thread 28" [_thread_blocked, id=12256, stack(0x0000005e1b900000,0x0000005e1ba00000)]
  0x000001f07d089a80 JavaThread "Unconstrained build operations Thread 29" [_thread_blocked, id=25096, stack(0x0000005e1ba00000,0x0000005e1bb00000)]
  0x000001f07d08a4a0 JavaThread "Unconstrained build operations Thread 30" [_thread_blocked, id=2516, stack(0x0000005e1bb00000,0x0000005e1bc00000)]
  0x000001f07d08c810 JavaThread "Unconstrained build operations Thread 31" [_thread_blocked, id=16448, stack(0x0000005e1bd00000,0x0000005e1be00000)]
  0x000001f07d089570 JavaThread "Unconstrained build operations Thread 32" [_thread_blocked, id=22656, stack(0x0000005e1d500000,0x0000005e1d600000)]
  0x000001f07d08b8e0 JavaThread "Unconstrained build operations Thread 33" [_thread_blocked, id=300, stack(0x0000005e1d600000,0x0000005e1d700000)]
  0x000001f07d089f90 JavaThread "Unconstrained build operations Thread 34" [_thread_blocked, id=17028, stack(0x0000005e1d700000,0x0000005e1d800000)]
  0x000001f07d08a9b0 JavaThread "Unconstrained build operations Thread 35" [_thread_blocked, id=11992, stack(0x0000005e1d800000,0x0000005e1d900000)]
  0x000001f07d08aec0 JavaThread "Unconstrained build operations Thread 36" [_thread_blocked, id=17904, stack(0x0000005e1d900000,0x0000005e1da00000)]
  0x000001f07d08bdf0 JavaThread "Unconstrained build operations Thread 37" [_thread_blocked, id=2276, stack(0x0000005e1da00000,0x0000005e1db00000)]
  0x000001f07d08b3d0 JavaThread "Unconstrained build operations Thread 38" [_thread_blocked, id=23928, stack(0x0000005e1db00000,0x0000005e1dc00000)]
  0x000001f07d08c300 JavaThread "Unconstrained build operations Thread 39" [_thread_blocked, id=6020, stack(0x0000005e1dc00000,0x0000005e1dd00000)]
  0x000001f07d089060 JavaThread "Unconstrained build operations Thread 40" [_thread_blocked, id=16512, stack(0x0000005e1dd00000,0x0000005e1de00000)]
  0x000001f07d08f5a0 JavaThread "Unconstrained build operations Thread 41" [_thread_blocked, id=11484, stack(0x0000005e1de00000,0x0000005e1df00000)]
  0x000001f07d08e670 JavaThread "Unconstrained build operations Thread 42" [_thread_blocked, id=20268, stack(0x0000005e1e000000,0x0000005e1e100000)]
  0x000001f07d0904d0 JavaThread "Unconstrained build operations Thread 43" [_thread_blocked, id=10768, stack(0x0000005e1e100000,0x0000005e1e200000)]
  0x000001f07d08eb80 JavaThread "Unconstrained build operations Thread 44" [_thread_blocked, id=17492, stack(0x0000005e1e200000,0x0000005e1e300000)]
  0x000001f07d08d740 JavaThread "Unconstrained build operations Thread 45" [_thread_blocked, id=10268, stack(0x0000005e1e300000,0x0000005e1e400000)]
  0x000001f07d08f090 JavaThread "Unconstrained build operations Thread 46" [_thread_blocked, id=3208, stack(0x0000005e1e400000,0x0000005e1e500000)]
  0x000001f07d08ffc0 JavaThread "File lock release action executor Thread 2" [_thread_blocked, id=20032, stack(0x0000005e1e500000,0x0000005e1e600000)]
  0x000001f07d08dc50 JavaThread "Unconstrained build operations Thread 47" [_thread_blocked, id=14792, stack(0x0000005e1e600000,0x0000005e1e700000)]
  0x000001f07d08e160 JavaThread "Unconstrained build operations Thread 48" [_thread_blocked, id=14716, stack(0x0000005e1e700000,0x0000005e1e800000)]
  0x000001f07d08fab0 JavaThread "Unconstrained build operations Thread 49" [_thread_blocked, id=14648, stack(0x0000005e1e800000,0x0000005e1e900000)]
  0x000001f07d08cd20 JavaThread "Unconstrained build operations Thread 50" [_thread_blocked, id=17132, stack(0x0000005e1e900000,0x0000005e1ea00000)]
  0x000001f07d0909e0 JavaThread "Unconstrained build operations Thread 51" [_thread_blocked, id=17012, stack(0x0000005e1ea00000,0x0000005e1eb00000)]
  0x000001f07d08d230 JavaThread "Unconstrained build operations Thread 52" [_thread_blocked, id=17220, stack(0x0000005e1eb00000,0x0000005e1ec00000)]
  0x000001f07775c6e0 JavaThread "Unconstrained build operations Thread 53" [_thread_blocked, id=19980, stack(0x0000005e1ec00000,0x0000005e1ed00000)]
  0x000001f07b02b960 JavaThread "Unconstrained build operations Thread 54" [_thread_blocked, id=13576, stack(0x0000005e1ed00000,0x0000005e1ee00000)]
  0x000001f07b02c380 JavaThread "Unconstrained build operations Thread 55" [_thread_blocked, id=23756, stack(0x0000005e1ee00000,0x0000005e1ef00000)]
  0x000001f07b02af40 JavaThread "Unconstrained build operations Thread 56" [_thread_blocked, id=25036, stack(0x0000005e1ef00000,0x0000005e1f000000)]
  0x000001f07b02d7c0 JavaThread "Unconstrained build operations Thread 57" [_thread_blocked, id=15612, stack(0x0000005e1f000000,0x0000005e1f100000)]
  0x000001f07b02be70 JavaThread "Unconstrained build operations Thread 58" [_thread_blocked, id=18408, stack(0x0000005e1f100000,0x0000005e1f200000)]
  0x000001f07b02aa30 JavaThread "Unconstrained build operations Thread 59" [_thread_blocked, id=25228, stack(0x0000005e1f200000,0x0000005e1f300000)]
  0x000001f07b02c890 JavaThread "Unconstrained build operations Thread 60" [_thread_blocked, id=2444, stack(0x0000005e1df00000,0x0000005e1e000000)]
  0x000001f07b02dcd0 JavaThread "Unconstrained build operations Thread 61" [_thread_blocked, id=24804, stack(0x0000005e1f300000,0x0000005e1f400000)]
  0x000001f07b02cda0 JavaThread "Unconstrained build operations Thread 62" [_thread_blocked, id=23380, stack(0x0000005e1f400000,0x0000005e1f500000)]
  0x000001f07b02e6f0 JavaThread "Unconstrained build operations Thread 63" [_thread_blocked, id=21932, stack(0x0000005e1f500000,0x0000005e1f600000)]
  0x000001f07b02d2b0 JavaThread "Unconstrained build operations Thread 64" [_thread_blocked, id=14568, stack(0x0000005e1f600000,0x0000005e1f700000)]
  0x000001f07b02e1e0 JavaThread "Unconstrained build operations Thread 65" [_thread_blocked, id=16768, stack(0x0000005e1f700000,0x0000005e1f800000)]
  0x000001f07b02ec00 JavaThread "Unconstrained build operations Thread 66" [_thread_blocked, id=25500, stack(0x0000005e1f800000,0x0000005e1f900000)]
  0x000001f07b030040 JavaThread "Unconstrained build operations Thread 67" [_thread_blocked, id=5096, stack(0x0000005e1a000000,0x0000005e1a100000)]
  0x000001f07b030550 JavaThread "Unconstrained build operations Thread 68" [_thread_blocked, id=5932, stack(0x0000005e1a100000,0x0000005e1a200000)]
  0x000001f07b030a60 JavaThread "Unconstrained build operations Thread 69" [_thread_blocked, id=2644, stack(0x0000005e1f900000,0x0000005e1fa00000)]
  0x000001f07b02f110 JavaThread "Unconstrained build operations Thread 70" [_thread_blocked, id=24392, stack(0x0000005e1fa00000,0x0000005e1fb00000)]
  0x000001f07b030f70 JavaThread "Unconstrained build operations Thread 71" [_thread_blocked, id=2312, stack(0x0000005e1fb00000,0x0000005e1fc00000)]
  0x000001f07b031990 JavaThread "Unconstrained build operations Thread 72" [_thread_blocked, id=17268, stack(0x0000005e1fc00000,0x0000005e1fd00000)]
  0x000001f07b02f620 JavaThread "Unconstrained build operations Thread 73" [_thread_blocked, id=20576, stack(0x0000005e1fd00000,0x0000005e1fe00000)]
  0x000001f07b02fb30 JavaThread "Unconstrained build operations Thread 74" [_thread_blocked, id=2172, stack(0x0000005e1fe00000,0x0000005e1ff00000)]
  0x000001f07d7dd0f0 JavaThread "Unconstrained build operations Thread 75" [_thread_blocked, id=21816, stack(0x0000005e1ff00000,0x0000005e20000000)]
  0x000001f07d7df460 JavaThread "Unconstrained build operations Thread 76" [_thread_blocked, id=10204, stack(0x0000005e20000000,0x0000005e20100000)]
  0x000001f07d7dd600 JavaThread "Unconstrained build operations Thread 77" [_thread_blocked, id=25080, stack(0x0000005e20100000,0x0000005e20200000)]
  0x000001f07d7dbcb0 JavaThread "Unconstrained build operations Thread 78" [_thread_blocked, id=13756, stack(0x0000005e20200000,0x0000005e20300000)]
  0x000001f07d7def50 JavaThread "Unconstrained build operations Thread 79" [_thread_blocked, id=15720, stack(0x0000005e20300000,0x0000005e20400000)]
  0x000001f07d7dcbe0 JavaThread "Unconstrained build operations Thread 80" [_thread_blocked, id=7824, stack(0x0000005e20400000,0x0000005e20500000)]
  0x000001f07d7df970 JavaThread "ForkJoinPool.commonPool-worker-8" daemon [_thread_blocked, id=1308, stack(0x0000005e20600000,0x0000005e20700000)]
  0x000001f07d7de530 JavaThread "ForkJoinPool.commonPool-worker-9" daemon [_thread_blocked, id=18004, stack(0x0000005e20700000,0x0000005e20800000)]

Other Threads:
  0x000001f072981270 VMThread "VM Thread" [stack: 0x0000005e17100000,0x0000005e17200000] [id=24644]
  0x000001f072bd3280 WatcherThread [stack: 0x0000005e17d00000,0x0000005e17e00000] [id=24944]
  0x000001f0520dd8e0 GCTaskThread "GC Thread#0" [stack: 0x0000005e16c00000,0x0000005e16d00000] [id=7936]
  0x000001f07797d3d0 GCTaskThread "GC Thread#1" [stack: 0x0000005e17e00000,0x0000005e17f00000] [id=1892]
  0x000001f0771dcd50 GCTaskThread "GC Thread#2" [stack: 0x0000005e17f00000,0x0000005e18000000] [id=20188]
  0x000001f077984ad0 GCTaskThread "GC Thread#3" [stack: 0x0000005e18000000,0x0000005e18100000] [id=6200]
  0x000001f07791a220 GCTaskThread "GC Thread#4" [stack: 0x0000005e18100000,0x0000005e18200000] [id=24948]
  0x000001f077ea6e10 GCTaskThread "GC Thread#5" [stack: 0x0000005e18f00000,0x0000005e19000000] [id=20852]
  0x000001f077ea6870 GCTaskThread "GC Thread#6" [stack: 0x0000005e19000000,0x0000005e19100000] [id=20860]
  0x000001f077ea73b0 GCTaskThread "GC Thread#7" [stack: 0x0000005e19100000,0x0000005e19200000] [id=16196]
  0x000001f0520de810 ConcurrentGCThread "G1 Main Marker" [stack: 0x0000005e16d00000,0x0000005e16e00000] [id=824]
  0x000001f05453dd30 ConcurrentGCThread "G1 Conc#0" [stack: 0x0000005e16e00000,0x0000005e16f00000] [id=15052]
  0x000001f077ea7c20 ConcurrentGCThread "G1 Conc#1" [stack: 0x0000005e19800000,0x0000005e19900000] [id=17568]
  0x000001f05457e5d0 ConcurrentGCThread "G1 Refine#0" [stack: 0x0000005e16f00000,0x0000005e17000000] [id=22820]
  0x000001f07a0f2470 ConcurrentGCThread "G1 Refine#1" [stack: 0x0000005e19b00000,0x0000005e19c00000] [id=7176]
  0x000001f07aa43d80 ConcurrentGCThread "G1 Refine#2" [stack: 0x0000005e20500000,0x0000005e20600000] [id=25024]
  0x000001f07283bc90 ConcurrentGCThread "G1 Service" [stack: 0x0000005e17000000,0x0000005e17100000] [id=24620]

Threads with active compile tasks:

VM state: not at safepoint (normal execution)

VM Mutex/Monitor currently owned by a thread:  ([mutex/lock_event])
[0x000001f0544cda70] Metaspace_lock - owner thread: 0x000001f0784f8140

Heap address: 0x0000000080000000, size: 2048 MB, Compressed Oops mode: 32-bit

CDS archive(s) mapped at: [0x000001f000000000-0x000001f000bb0000-0x000001f000bb0000), size 12255232, SharedBaseAddress: 0x000001f000000000, ArchiveRelocationMode: 1.
Compressed class space mapped at: 0x000001f001000000-0x000001f01b000000, reserved size: 436207616
Narrow klass base: 0x000001f000000000, Narrow klass shift: 0, Narrow klass range: 0x100000000

GC Precious Log:
 CPUs: 8 total, 8 available
 Memory: 7886M
 Large Page Support: Disabled
 NUMA Support: Disabled
 Compressed Oops: Enabled (32-bit)
 Heap Region Size: 1M
 Heap Min Capacity: 8M
 Heap Initial Capacity: 124M
 Heap Max Capacity: 2G
 Pre-touch: Disabled
 Parallel Workers: 8
 Concurrent Workers: 2
 Concurrent Refinement Workers: 8
 Periodic GC: Disabled

Heap:
 garbage-first heap   total 263168K, used 155648K [0x0000000080000000, 0x0000000100000000)
  region size 1024K, 15 young (15360K), 11 survivors (11264K)
 Metaspace       used 106982K, committed 108096K, reserved 557056K
  class space    used 14749K, committed 15296K, reserved 425984K

Heap Regions: E=young(eden), S=young(survivor), O=old, HS=humongous(starts), HC=humongous(continues), CS=collection set, F=free, OA=open archive, CA=closed archive, TAMS=top-at-mark-start (previous, next)
|   0|0x0000000080000000, 0x0000000080100000, 0x0000000080100000|100%|HS|  |TAMS 0x0000000080100000, 0x0000000080000000| Complete 
|   1|0x0000000080100000, 0x0000000080200000, 0x0000000080200000|100%|HC|  |TAMS 0x0000000080200000, 0x0000000080100000| Complete 
|   2|0x0000000080200000, 0x0000000080300000, 0x0000000080300000|100%|HC|  |TAMS 0x0000000080300000, 0x0000000080200000| Complete 
|   3|0x0000000080300000, 0x0000000080400000, 0x0000000080400000|100%|HC|  |TAMS 0x0000000080400000, 0x0000000080300000| Complete 
|   4|0x0000000080400000, 0x0000000080500000, 0x0000000080500000|100%| O|  |TAMS 0x0000000080500000, 0x0000000080400000| Untracked 
|   5|0x0000000080500000, 0x0000000080600000, 0x0000000080600000|100%| O|  |TAMS 0x0000000080600000, 0x0000000080500000| Untracked 
|   6|0x0000000080600000, 0x0000000080700000, 0x0000000080700000|100%| O|  |TAMS 0x0000000080700000, 0x0000000080600000| Untracked 
|   7|0x0000000080700000, 0x0000000080800000, 0x0000000080800000|100%| O|  |TAMS 0x0000000080800000, 0x0000000080700000| Untracked 
|   8|0x0000000080800000, 0x0000000080900000, 0x0000000080900000|100%| O|  |TAMS 0x0000000080900000, 0x0000000080800000| Untracked 
|   9|0x0000000080900000, 0x0000000080a00000, 0x0000000080a00000|100%| O|  |TAMS 0x0000000080a00000, 0x0000000080900000| Untracked 
|  10|0x0000000080a00000, 0x0000000080b00000, 0x0000000080b00000|100%| O|  |TAMS 0x0000000080b00000, 0x0000000080a00000| Untracked 
|  11|0x0000000080b00000, 0x0000000080c00000, 0x0000000080c00000|100%| O|  |TAMS 0x0000000080c00000, 0x0000000080b00000| Untracked 
|  12|0x0000000080c00000, 0x0000000080d00000, 0x0000000080d00000|100%| O|  |TAMS 0x0000000080d00000, 0x0000000080c00000| Untracked 
|  13|0x0000000080d00000, 0x0000000080e00000, 0x0000000080e00000|100%| O|  |TAMS 0x0000000080e00000, 0x0000000080d00000| Untracked 
|  14|0x0000000080e00000, 0x0000000080f00000, 0x0000000080f00000|100%| O|  |TAMS 0x0000000080f00000, 0x0000000080e00000| Untracked 
|  15|0x0000000080f00000, 0x0000000081000000, 0x0000000081000000|100%| O|  |TAMS 0x0000000081000000, 0x0000000080f00000| Untracked 
|  16|0x0000000081000000, 0x0000000081100000, 0x0000000081100000|100%| O|  |TAMS 0x0000000081100000, 0x0000000081000000| Untracked 
|  17|0x0000000081100000, 0x0000000081200000, 0x0000000081200000|100%| O|  |TAMS 0x0000000081200000, 0x0000000081100000| Untracked 
|  18|0x0000000081200000, 0x0000000081300000, 0x0000000081300000|100%| O|  |TAMS 0x0000000081300000, 0x0000000081200000| Untracked 
|  19|0x0000000081300000, 0x0000000081400000, 0x0000000081400000|100%| O|  |TAMS 0x0000000081400000, 0x0000000081300000| Untracked 
|  20|0x0000000081400000, 0x0000000081500000, 0x0000000081500000|100%| O|  |TAMS 0x0000000081500000, 0x0000000081400000| Untracked 
|  21|0x0000000081500000, 0x0000000081600000, 0x0000000081600000|100%| O|  |TAMS 0x0000000081600000, 0x0000000081500000| Untracked 
|  22|0x0000000081600000, 0x0000000081700000, 0x0000000081700000|100%| O|  |TAMS 0x0000000081700000, 0x0000000081600000| Untracked 
|  23|0x0000000081700000, 0x0000000081800000, 0x0000000081800000|100%| O|  |TAMS 0x0000000081800000, 0x0000000081700000| Untracked 
|  24|0x0000000081800000, 0x0000000081900000, 0x0000000081900000|100%| O|  |TAMS 0x0000000081900000, 0x0000000081800000| Untracked 
|  25|0x0000000081900000, 0x0000000081a00000, 0x0000000081a00000|100%| O|  |TAMS 0x0000000081a00000, 0x0000000081900000| Untracked 
|  26|0x0000000081a00000, 0x0000000081b00000, 0x0000000081b00000|100%| O|  |TAMS 0x0000000081b00000, 0x0000000081a00000| Untracked 
|  27|0x0000000081b00000, 0x0000000081c00000, 0x0000000081c00000|100%| O|  |TAMS 0x0000000081c00000, 0x0000000081b00000| Untracked 
|  28|0x0000000081c00000, 0x0000000081d00000, 0x0000000081d00000|100%| O|  |TAMS 0x0000000081d00000, 0x0000000081c00000| Untracked 
|  29|0x0000000081d00000, 0x0000000081e00000, 0x0000000081e00000|100%| O|  |TAMS 0x0000000081e00000, 0x0000000081d00000| Untracked 
|  30|0x0000000081e00000, 0x0000000081f00000, 0x0000000081f00000|100%| O|  |TAMS 0x0000000081f00000, 0x0000000081e00000| Untracked 
|  31|0x0000000081f00000, 0x0000000082000000, 0x0000000082000000|100%| O|  |TAMS 0x0000000082000000, 0x0000000081f00000| Untracked 
|  32|0x0000000082000000, 0x0000000082100000, 0x0000000082100000|100%| O|  |TAMS 0x0000000082100000, 0x0000000082000000| Untracked 
|  33|0x0000000082100000, 0x0000000082200000, 0x0000000082200000|100%| O|  |TAMS 0x0000000082200000, 0x0000000082100000| Untracked 
|  34|0x0000000082200000, 0x0000000082300000, 0x0000000082300000|100%| O|  |TAMS 0x0000000082300000, 0x0000000082200000| Untracked 
|  35|0x0000000082300000, 0x0000000082400000, 0x0000000082400000|100%| O|  |TAMS 0x0000000082400000, 0x0000000082300000| Untracked 
|  36|0x0000000082400000, 0x0000000082500000, 0x0000000082500000|100%| O|  |TAMS 0x0000000082500000, 0x0000000082400000| Untracked 
|  37|0x0000000082500000, 0x0000000082600000, 0x0000000082600000|100%| O|  |TAMS 0x0000000082600000, 0x0000000082500000| Untracked 
|  38|0x0000000082600000, 0x0000000082700000, 0x0000000082700000|100%| O|  |TAMS 0x0000000082700000, 0x0000000082600000| Untracked 
|  39|0x0000000082700000, 0x0000000082800000, 0x0000000082800000|100%|HS|  |TAMS 0x0000000082800000, 0x0000000082700000| Complete 
|  40|0x0000000082800000, 0x0000000082900000, 0x0000000082900000|100%|HC|  |TAMS 0x0000000082900000, 0x0000000082800000| Complete 
|  41|0x0000000082900000, 0x0000000082a00000, 0x0000000082a00000|100%|HS|  |TAMS 0x0000000082a00000, 0x0000000082900000| Complete 
|  42|0x0000000082a00000, 0x0000000082b00000, 0x0000000082b00000|100%|HC|  |TAMS 0x0000000082b00000, 0x0000000082a00000| Complete 
|  43|0x0000000082b00000, 0x0000000082c00000, 0x0000000082c00000|100%|HS|  |TAMS 0x0000000082c00000, 0x0000000082b00000| Complete 
|  44|0x0000000082c00000, 0x0000000082d00000, 0x0000000082d00000|100%|HC|  |TAMS 0x0000000082d00000, 0x0000000082c00000| Complete 
|  45|0x0000000082d00000, 0x0000000082e00000, 0x0000000082e00000|100%|HC|  |TAMS 0x0000000082e00000, 0x0000000082d00000| Complete 
|  46|0x0000000082e00000, 0x0000000082f00000, 0x0000000082f00000|100%|HC|  |TAMS 0x0000000082f00000, 0x0000000082e00000| Complete 
|  47|0x0000000082f00000, 0x0000000083000000, 0x0000000083000000|100%| O|  |TAMS 0x0000000083000000, 0x0000000082f00000| Untracked 
|  48|0x0000000083000000, 0x0000000083100000, 0x0000000083100000|100%| O|  |TAMS 0x0000000083100000, 0x0000000083000000| Untracked 
|  49|0x0000000083100000, 0x0000000083200000, 0x0000000083200000|100%| O|  |TAMS 0x0000000083200000, 0x0000000083100000| Untracked 
|  50|0x0000000083200000, 0x0000000083300000, 0x0000000083300000|100%|HS|  |TAMS 0x0000000083300000, 0x0000000083200000| Complete 
|  51|0x0000000083300000, 0x0000000083400000, 0x0000000083400000|100%|HC|  |TAMS 0x0000000083400000, 0x0000000083300000| Complete 
|  52|0x0000000083400000, 0x0000000083500000, 0x0000000083500000|100%|HC|  |TAMS 0x0000000083500000, 0x0000000083400000| Complete 
|  53|0x0000000083500000, 0x0000000083600000, 0x0000000083600000|100%|HC|  |TAMS 0x0000000083600000, 0x0000000083500000| Complete 
|  54|0x0000000083600000, 0x0000000083700000, 0x0000000083700000|100%| O|  |TAMS 0x0000000083700000, 0x0000000083600000| Untracked 
|  55|0x0000000083700000, 0x0000000083800000, 0x0000000083800000|100%| O|  |TAMS 0x0000000083800000, 0x0000000083700000| Untracked 
|  56|0x0000000083800000, 0x0000000083900000, 0x0000000083900000|100%| O|  |TAMS 0x0000000083900000, 0x0000000083800000| Untracked 
|  57|0x0000000083900000, 0x0000000083a00000, 0x0000000083a00000|100%| O|  |TAMS 0x0000000083a00000, 0x0000000083900000| Untracked 
|  58|0x0000000083a00000, 0x0000000083b00000, 0x0000000083b00000|100%| O|  |TAMS 0x0000000083b00000, 0x0000000083a00000| Untracked 
|  59|0x0000000083b00000, 0x0000000083c00000, 0x0000000083c00000|100%|HS|  |TAMS 0x0000000083c00000, 0x0000000083b00000| Complete 
|  60|0x0000000083c00000, 0x0000000083d00000, 0x0000000083d00000|100%| O|  |TAMS 0x0000000083d00000, 0x0000000083c00000| Untracked 
|  61|0x0000000083d00000, 0x0000000083e00000, 0x0000000083e00000|100%| O|  |TAMS 0x0000000083e00000, 0x0000000083d00000| Untracked 
|  62|0x0000000083e00000, 0x0000000083f00000, 0x0000000083f00000|100%| O|  |TAMS 0x0000000083f00000, 0x0000000083e00000| Untracked 
|  63|0x0000000083f00000, 0x0000000084000000, 0x0000000084000000|100%| O|  |TAMS 0x0000000084000000, 0x0000000083f00000| Untracked 
|  64|0x0000000084000000, 0x0000000084100000, 0x0000000084100000|100%| O|  |TAMS 0x0000000084100000, 0x0000000084000000| Untracked 
|  65|0x0000000084100000, 0x0000000084200000, 0x0000000084200000|100%| O|  |TAMS 0x0000000084200000, 0x0000000084100000| Untracked 
|  66|0x0000000084200000, 0x0000000084300000, 0x0000000084300000|100%| O|  |TAMS 0x0000000084300000, 0x0000000084200000| Untracked 
|  67|0x0000000084300000, 0x0000000084400000, 0x0000000084400000|100%| O|  |TAMS 0x0000000084400000, 0x0000000084300000| Untracked 
|  68|0x0000000084400000, 0x0000000084500000, 0x0000000084500000|100%|HS|  |TAMS 0x0000000084500000, 0x0000000084400000| Complete 
|  69|0x0000000084500000, 0x0000000084600000, 0x0000000084600000|100%|HS|  |TAMS 0x0000000084600000, 0x0000000084500000| Complete 
|  70|0x0000000084600000, 0x0000000084700000, 0x0000000084700000|100%| O|  |TAMS 0x0000000084700000, 0x0000000084600000| Untracked 
|  71|0x0000000084700000, 0x0000000084800000, 0x0000000084800000|100%|HS|  |TAMS 0x0000000084800000, 0x0000000084700000| Complete 
|  72|0x0000000084800000, 0x0000000084900000, 0x0000000084900000|100%| O|  |TAMS 0x0000000084900000, 0x0000000084800000| Untracked 
|  73|0x0000000084900000, 0x0000000084a00000, 0x0000000084a00000|100%| O|  |TAMS 0x0000000084a00000, 0x0000000084900000| Untracked 
|  74|0x0000000084a00000, 0x0000000084b00000, 0x0000000084b00000|100%| O|  |TAMS 0x0000000084b00000, 0x0000000084a00000| Untracked 
|  75|0x0000000084b00000, 0x0000000084c00000, 0x0000000084c00000|100%| O|  |TAMS 0x0000000084c00000, 0x0000000084b00000| Untracked 
|  76|0x0000000084c00000, 0x0000000084d00000, 0x0000000084d00000|100%| O|  |TAMS 0x0000000084d00000, 0x0000000084c00000| Untracked 
|  77|0x0000000084d00000, 0x0000000084e00000, 0x0000000084e00000|100%| O|  |TAMS 0x0000000084e00000, 0x0000000084d00000| Untracked 
|  78|0x0000000084e00000, 0x0000000084f00000, 0x0000000084f00000|100%| O|  |TAMS 0x0000000084f00000, 0x0000000084e00000| Untracked 
|  79|0x0000000084f00000, 0x0000000085000000, 0x0000000085000000|100%| O|  |TAMS 0x0000000085000000, 0x0000000084f00000| Untracked 
|  80|0x0000000085000000, 0x0000000085100000, 0x0000000085100000|100%| O|  |TAMS 0x0000000085100000, 0x0000000085000000| Untracked 
|  81|0x0000000085100000, 0x0000000085200000, 0x0000000085200000|100%| O|  |TAMS 0x0000000085200000, 0x0000000085100000| Untracked 
|  82|0x0000000085200000, 0x0000000085300000, 0x0000000085300000|100%| O|  |TAMS 0x0000000085300000, 0x0000000085200000| Untracked 
|  83|0x0000000085300000, 0x0000000085400000, 0x0000000085400000|100%| O|  |TAMS 0x0000000085400000, 0x0000000085300000| Untracked 
|  84|0x0000000085400000, 0x0000000085500000, 0x0000000085500000|100%| O|  |TAMS 0x0000000085500000, 0x0000000085400000| Untracked 
|  85|0x0000000085500000, 0x0000000085600000, 0x0000000085600000|100%| O|  |TAMS 0x0000000085600000, 0x0000000085500000| Untracked 
|  86|0x0000000085600000, 0x0000000085700000, 0x0000000085700000|100%| O|  |TAMS 0x0000000085700000, 0x0000000085600000| Untracked 
|  87|0x0000000085700000, 0x0000000085800000, 0x0000000085800000|100%| O|  |TAMS 0x0000000085800000, 0x0000000085700000| Untracked 
|  88|0x0000000085800000, 0x0000000085900000, 0x0000000085900000|100%| O|  |TAMS 0x0000000085900000, 0x0000000085800000| Untracked 
|  89|0x0000000085900000, 0x0000000085a00000, 0x0000000085a00000|100%| O|  |TAMS 0x0000000085a00000, 0x0000000085900000| Untracked 
|  90|0x0000000085a00000, 0x0000000085b00000, 0x0000000085b00000|100%| O|  |TAMS 0x0000000085b00000, 0x0000000085a00000| Untracked 
|  91|0x0000000085b00000, 0x0000000085c00000, 0x0000000085c00000|100%| O|  |TAMS 0x0000000085c00000, 0x0000000085b00000| Untracked 
|  92|0x0000000085c00000, 0x0000000085d00000, 0x0000000085d00000|100%| O|  |TAMS 0x0000000085d00000, 0x0000000085c00000| Untracked 
|  93|0x0000000085d00000, 0x0000000085e00000, 0x0000000085e00000|100%| O|  |TAMS 0x0000000085e00000, 0x0000000085d00000| Untracked 
|  94|0x0000000085e00000, 0x0000000085f00000, 0x0000000085f00000|100%|HS|  |TAMS 0x0000000085e00000, 0x0000000085e00000| Complete 
|  95|0x0000000085f00000, 0x0000000086000000, 0x0000000086000000|100%| O|  |TAMS 0x0000000086000000, 0x0000000085f00000| Untracked 
|  96|0x0000000086000000, 0x0000000086100000, 0x0000000086100000|100%| O|  |TAMS 0x0000000086100000, 0x0000000086000000| Untracked 
|  97|0x0000000086100000, 0x0000000086200000, 0x0000000086200000|100%| O|  |TAMS 0x0000000086200000, 0x0000000086100000| Untracked 
|  98|0x0000000086200000, 0x0000000086300000, 0x0000000086300000|100%| O|  |TAMS 0x0000000086300000, 0x0000000086200000| Untracked 
|  99|0x0000000086300000, 0x0000000086400000, 0x0000000086400000|100%| O|  |TAMS 0x0000000086400000, 0x0000000086300000| Untracked 
| 100|0x0000000086400000, 0x0000000086500000, 0x0000000086500000|100%| O|  |TAMS 0x0000000086500000, 0x0000000086400000| Untracked 
| 101|0x0000000086500000, 0x0000000086600000, 0x0000000086600000|100%| O|  |TAMS 0x0000000086500000, 0x0000000086500000| Untracked 
| 102|0x0000000086600000, 0x0000000086700000, 0x0000000086700000|100%| O|  |TAMS 0x0000000086700000, 0x0000000086600000| Untracked 
| 103|0x0000000086700000, 0x0000000086800000, 0x0000000086800000|100%| O|  |TAMS 0x0000000086800000, 0x0000000086700000| Untracked 
| 104|0x0000000086800000, 0x0000000086900000, 0x0000000086900000|100%| O|  |TAMS 0x0000000086900000, 0x0000000086800000| Untracked 
| 105|0x0000000086900000, 0x0000000086a00000, 0x0000000086a00000|100%| O|  |TAMS 0x0000000086a00000, 0x0000000086900000| Untracked 
| 106|0x0000000086a00000, 0x0000000086b00000, 0x0000000086b00000|100%| O|  |TAMS 0x0000000086b00000, 0x0000000086a00000| Untracked 
| 107|0x0000000086b00000, 0x0000000086c00000, 0x0000000086c00000|100%|HS|  |TAMS 0x0000000086b00000, 0x0000000086b00000| Complete 
| 108|0x0000000086c00000, 0x0000000086d00000, 0x0000000086d00000|100%| O|  |TAMS 0x0000000086d00000, 0x0000000086c00000| Untracked 
| 109|0x0000000086d00000, 0x0000000086e00000, 0x0000000086e00000|100%| O|  |TAMS 0x0000000086e00000, 0x0000000086d00000| Untracked 
| 110|0x0000000086e00000, 0x0000000086f00000, 0x0000000086f00000|100%| O|  |TAMS 0x0000000086f00000, 0x0000000086e00000| Untracked 
| 111|0x0000000086f00000, 0x0000000087000000, 0x0000000087000000|100%| O|  |TAMS 0x0000000086f00000, 0x0000000086f00000| Untracked 
| 112|0x0000000087000000, 0x0000000087100000, 0x0000000087100000|100%| O|  |TAMS 0x0000000087100000, 0x0000000087000000| Untracked 
| 113|0x0000000087100000, 0x0000000087200000, 0x0000000087200000|100%| O|  |TAMS 0x0000000087200000, 0x0000000087100000| Untracked 
| 114|0x0000000087200000, 0x0000000087300000, 0x0000000087300000|100%| O|  |TAMS 0x0000000087300000, 0x0000000087200000| Untracked 
| 115|0x0000000087300000, 0x0000000087400000, 0x0000000087400000|100%|HS|  |TAMS 0x0000000087300000, 0x0000000087300000| Complete 
| 116|0x0000000087400000, 0x0000000087500000, 0x0000000087500000|100%|HC|  |TAMS 0x0000000087400000, 0x0000000087400000| Complete 
| 117|0x0000000087500000, 0x0000000087600000, 0x0000000087600000|100%| O|  |TAMS 0x000000008756a400, 0x0000000087500000| Untracked 
| 118|0x0000000087600000, 0x0000000087700000, 0x0000000087700000|100%|HS|  |TAMS 0x0000000087600000, 0x0000000087600000| Complete 
| 119|0x0000000087700000, 0x0000000087800000, 0x0000000087800000|100%| O|  |TAMS 0x0000000087700000, 0x0000000087700000| Untracked 
| 120|0x0000000087800000, 0x0000000087900000, 0x0000000087900000|100%| O|  |TAMS 0x0000000087800000, 0x0000000087800000| Untracked 
| 121|0x0000000087900000, 0x0000000087a00000, 0x0000000087a00000|100%| O|  |TAMS 0x0000000087900000, 0x0000000087900000| Untracked 
| 122|0x0000000087a00000, 0x0000000087b00000, 0x0000000087b00000|100%| O|  |TAMS 0x0000000087a00000, 0x0000000087a00000| Untracked 
| 123|0x0000000087b00000, 0x0000000087c00000, 0x0000000087c00000|100%| O|  |TAMS 0x0000000087b00000, 0x0000000087b00000| Untracked 
| 124|0x0000000087c00000, 0x0000000087d00000, 0x0000000087d00000|100%| O|  |TAMS 0x0000000087c00000, 0x0000000087c00000| Untracked 
| 125|0x0000000087d00000, 0x0000000087e00000, 0x0000000087e00000|100%| O|  |TAMS 0x0000000087d00000, 0x0000000087d00000| Untracked 
| 126|0x0000000087e00000, 0x0000000087f00000, 0x0000000087f00000|100%| O|  |TAMS 0x0000000087e00000, 0x0000000087e00000| Untracked 
| 127|0x0000000087f00000, 0x0000000088000000, 0x0000000088000000|100%| O|  |TAMS 0x0000000087f00000, 0x0000000087f00000| Untracked 
| 128|0x0000000088000000, 0x0000000088100000, 0x0000000088100000|100%| O|  |TAMS 0x0000000088000000, 0x0000000088000000| Untracked 
| 129|0x0000000088100000, 0x0000000088200000, 0x0000000088200000|100%| O|  |TAMS 0x0000000088100000, 0x0000000088100000| Untracked 
| 130|0x0000000088200000, 0x0000000088300000, 0x0000000088300000|100%| O|  |TAMS 0x0000000088200000, 0x0000000088200000| Untracked 
| 131|0x0000000088300000, 0x0000000088300000, 0x0000000088400000|  0%| F|  |TAMS 0x0000000088300000, 0x0000000088300000| Untracked 
| 132|0x0000000088400000, 0x0000000088400000, 0x0000000088500000|  0%| F|  |TAMS 0x0000000088400000, 0x0000000088400000| Untracked 
| 133|0x0000000088500000, 0x0000000088500000, 0x0000000088600000|  0%| F|  |TAMS 0x0000000088500000, 0x0000000088500000| Untracked 
| 134|0x0000000088600000, 0x0000000088600000, 0x0000000088700000|  0%| F|  |TAMS 0x0000000088600000, 0x0000000088600000| Untracked 
| 135|0x0000000088700000, 0x0000000088700000, 0x0000000088800000|  0%| F|  |TAMS 0x0000000088700000, 0x0000000088700000| Untracked 
| 136|0x0000000088800000, 0x0000000088800000, 0x0000000088900000|  0%| F|  |TAMS 0x0000000088800000, 0x0000000088800000| Untracked 
| 137|0x0000000088900000, 0x0000000088900000, 0x0000000088a00000|  0%| F|  |TAMS 0x0000000088900000, 0x0000000088900000| Untracked 
| 138|0x0000000088a00000, 0x0000000088a00000, 0x0000000088b00000|  0%| F|  |TAMS 0x0000000088a00000, 0x0000000088a00000| Untracked 
| 139|0x0000000088b00000, 0x0000000088b00000, 0x0000000088c00000|  0%| F|  |TAMS 0x0000000088b00000, 0x0000000088b00000| Untracked 
| 140|0x0000000088c00000, 0x0000000088c00000, 0x0000000088d00000|  0%| F|  |TAMS 0x0000000088c00000, 0x0000000088c00000| Untracked 
| 141|0x0000000088d00000, 0x0000000088d00000, 0x0000000088e00000|  0%| F|  |TAMS 0x0000000088d00000, 0x0000000088d00000| Untracked 
| 142|0x0000000088e00000, 0x0000000088e00000, 0x0000000088f00000|  0%| F|  |TAMS 0x0000000088e00000, 0x0000000088e00000| Untracked 
| 143|0x0000000088f00000, 0x0000000088f00000, 0x0000000089000000|  0%| F|  |TAMS 0x0000000088f00000, 0x0000000088f00000| Untracked 
| 144|0x0000000089000000, 0x0000000089000000, 0x0000000089100000|  0%| F|  |TAMS 0x0000000089000000, 0x0000000089000000| Untracked 
| 145|0x0000000089100000, 0x0000000089200000, 0x0000000089200000|100%| O|  |TAMS 0x0000000089100000, 0x0000000089100000| Untracked 
| 146|0x0000000089200000, 0x0000000089300000, 0x0000000089300000|100%| O|  |TAMS 0x0000000089200000, 0x0000000089200000| Untracked 
| 147|0x0000000089300000, 0x0000000089400000, 0x0000000089400000|100%| O|  |TAMS 0x0000000089300000, 0x0000000089300000| Untracked 
| 148|0x0000000089400000, 0x0000000089500000, 0x0000000089500000|100%| O|  |TAMS 0x0000000089400000, 0x0000000089400000| Untracked 
| 149|0x0000000089500000, 0x0000000089600000, 0x0000000089600000|100%| O|  |TAMS 0x0000000089500000, 0x0000000089500000| Untracked 
| 150|0x0000000089600000, 0x0000000089700000, 0x0000000089700000|100%| O|  |TAMS 0x0000000089600000, 0x0000000089600000| Untracked 
| 151|0x0000000089700000, 0x0000000089800000, 0x0000000089800000|100%| O|  |TAMS 0x0000000089700000, 0x0000000089700000| Untracked 
| 152|0x0000000089800000, 0x0000000089800000, 0x0000000089900000|  0%| F|  |TAMS 0x0000000089800000, 0x0000000089800000| Untracked 
| 153|0x0000000089900000, 0x0000000089900000, 0x0000000089a00000|  0%| F|  |TAMS 0x0000000089900000, 0x0000000089900000| Untracked 
| 154|0x0000000089a00000, 0x0000000089a00000, 0x0000000089b00000|  0%| F|  |TAMS 0x0000000089a00000, 0x0000000089a00000| Untracked 
| 155|0x0000000089b00000, 0x0000000089b00000, 0x0000000089c00000|  0%| F|  |TAMS 0x0000000089b00000, 0x0000000089b00000| Untracked 
| 156|0x0000000089c00000, 0x0000000089c00000, 0x0000000089d00000|  0%| F|  |TAMS 0x0000000089c00000, 0x0000000089c00000| Untracked 
| 157|0x0000000089d00000, 0x0000000089d00000, 0x0000000089e00000|  0%| F|  |TAMS 0x0000000089d00000, 0x0000000089d00000| Untracked 
| 158|0x0000000089e00000, 0x0000000089e00000, 0x0000000089f00000|  0%| F|  |TAMS 0x0000000089e00000, 0x0000000089e00000| Untracked 
| 159|0x0000000089f00000, 0x0000000089f00000, 0x000000008a000000|  0%| F|  |TAMS 0x0000000089f00000, 0x0000000089f00000| Untracked 
| 160|0x000000008a000000, 0x000000008a000000, 0x000000008a100000|  0%| F|  |TAMS 0x000000008a000000, 0x000000008a000000| Untracked 
| 161|0x000000008a100000, 0x000000008a100000, 0x000000008a200000|  0%| F|  |TAMS 0x000000008a100000, 0x000000008a100000| Untracked 
| 162|0x000000008a200000, 0x000000008a200000, 0x000000008a300000|  0%| F|  |TAMS 0x000000008a200000, 0x000000008a200000| Untracked 
| 163|0x000000008a300000, 0x000000008a300000, 0x000000008a400000|  0%| F|  |TAMS 0x000000008a300000, 0x000000008a300000| Untracked 
| 164|0x000000008a400000, 0x000000008a400000, 0x000000008a500000|  0%| F|  |TAMS 0x000000008a400000, 0x000000008a400000| Untracked 
| 165|0x000000008a500000, 0x000000008a500000, 0x000000008a600000|  0%| F|  |TAMS 0x000000008a500000, 0x000000008a500000| Untracked 
| 166|0x000000008a600000, 0x000000008a600000, 0x000000008a700000|  0%| F|  |TAMS 0x000000008a600000, 0x000000008a600000| Untracked 
| 167|0x000000008a700000, 0x000000008a700000, 0x000000008a800000|  0%| F|  |TAMS 0x000000008a700000, 0x000000008a700000| Untracked 
| 168|0x000000008a800000, 0x000000008a800000, 0x000000008a900000|  0%| F|  |TAMS 0x000000008a800000, 0x000000008a800000| Untracked 
| 169|0x000000008a900000, 0x000000008a900000, 0x000000008aa00000|  0%| F|  |TAMS 0x000000008a900000, 0x000000008a900000| Untracked 
| 170|0x000000008aa00000, 0x000000008aa00000, 0x000000008ab00000|  0%| F|  |TAMS 0x000000008aa00000, 0x000000008aa00000| Untracked 
| 171|0x000000008ab00000, 0x000000008ab00000, 0x000000008ac00000|  0%| F|  |TAMS 0x000000008ab00000, 0x000000008ab00000| Untracked 
| 172|0x000000008ac00000, 0x000000008ac00000, 0x000000008ad00000|  0%| F|  |TAMS 0x000000008ac00000, 0x000000008ac00000| Untracked 
| 173|0x000000008ad00000, 0x000000008ae00000, 0x000000008ae00000|100%| S|CS|TAMS 0x000000008ad00000, 0x000000008ad00000| Complete 
| 174|0x000000008ae00000, 0x000000008af00000, 0x000000008af00000|100%| S|CS|TAMS 0x000000008ae00000, 0x000000008ae00000| Complete 
| 175|0x000000008af00000, 0x000000008b000000, 0x000000008b000000|100%| S|CS|TAMS 0x000000008af00000, 0x000000008af00000| Complete 
| 176|0x000000008b000000, 0x000000008b100000, 0x000000008b100000|100%| S|CS|TAMS 0x000000008b000000, 0x000000008b000000| Complete 
| 177|0x000000008b100000, 0x000000008b200000, 0x000000008b200000|100%| S|CS|TAMS 0x000000008b100000, 0x000000008b100000| Complete 
| 178|0x000000008b200000, 0x000000008b300000, 0x000000008b300000|100%| S|CS|TAMS 0x000000008b200000, 0x000000008b200000| Complete 
| 179|0x000000008b300000, 0x000000008b400000, 0x000000008b400000|100%| S|CS|TAMS 0x000000008b300000, 0x000000008b300000| Complete 
| 180|0x000000008b400000, 0x000000008b500000, 0x000000008b500000|100%| S|CS|TAMS 0x000000008b400000, 0x000000008b400000| Complete 
| 181|0x000000008b500000, 0x000000008b600000, 0x000000008b600000|100%| S|CS|TAMS 0x000000008b500000, 0x000000008b500000| Complete 
| 182|0x000000008b600000, 0x000000008b700000, 0x000000008b700000|100%| S|CS|TAMS 0x000000008b600000, 0x000000008b600000| Complete 
| 183|0x000000008b700000, 0x000000008b800000, 0x000000008b800000|100%| S|CS|TAMS 0x000000008b700000, 0x000000008b700000| Complete 
| 184|0x000000008b800000, 0x000000008b800000, 0x000000008b900000|  0%| F|  |TAMS 0x000000008b800000, 0x000000008b800000| Untracked 
| 185|0x000000008b900000, 0x000000008b900000, 0x000000008ba00000|  0%| F|  |TAMS 0x000000008b900000, 0x000000008b900000| Untracked 
| 186|0x000000008ba00000, 0x000000008ba00000, 0x000000008bb00000|  0%| F|  |TAMS 0x000000008ba00000, 0x000000008ba00000| Untracked 
| 187|0x000000008bb00000, 0x000000008bb00000, 0x000000008bc00000|  0%| F|  |TAMS 0x000000008bb00000, 0x000000008bb00000| Untracked 
| 188|0x000000008bc00000, 0x000000008bc00000, 0x000000008bd00000|  0%| F|  |TAMS 0x000000008bc00000, 0x000000008bc00000| Untracked 
| 189|0x000000008bd00000, 0x000000008bd00000, 0x000000008be00000|  0%| F|  |TAMS 0x000000008bd00000, 0x000000008bd00000| Untracked 
| 190|0x000000008be00000, 0x000000008be00000, 0x000000008bf00000|  0%| F|  |TAMS 0x000000008be00000, 0x000000008be00000| Untracked 
| 191|0x000000008bf00000, 0x000000008bf00000, 0x000000008c000000|  0%| F|  |TAMS 0x000000008bf00000, 0x000000008bf00000| Untracked 
| 192|0x000000008c000000, 0x000000008c000000, 0x000000008c100000|  0%| F|  |TAMS 0x000000008c000000, 0x000000008c000000| Untracked 
| 193|0x000000008c100000, 0x000000008c100000, 0x000000008c200000|  0%| F|  |TAMS 0x000000008c100000, 0x000000008c100000| Untracked 
| 194|0x000000008c200000, 0x000000008c200000, 0x000000008c300000|  0%| F|  |TAMS 0x000000008c200000, 0x000000008c200000| Untracked 
| 195|0x000000008c300000, 0x000000008c300000, 0x000000008c400000|  0%| F|  |TAMS 0x000000008c300000, 0x000000008c300000| Untracked 
| 196|0x000000008c400000, 0x000000008c400000, 0x000000008c500000|  0%| F|  |TAMS 0x000000008c400000, 0x000000008c400000| Untracked 
| 197|0x000000008c500000, 0x000000008c500000, 0x000000008c600000|  0%| F|  |TAMS 0x000000008c500000, 0x000000008c500000| Untracked 
| 198|0x000000008c600000, 0x000000008c600000, 0x000000008c700000|  0%| F|  |TAMS 0x000000008c600000, 0x000000008c600000| Untracked 
| 199|0x000000008c700000, 0x000000008c700000, 0x000000008c800000|  0%| F|  |TAMS 0x000000008c700000, 0x000000008c700000| Untracked 
| 200|0x000000008c800000, 0x000000008c800000, 0x000000008c900000|  0%| F|  |TAMS 0x000000008c800000, 0x000000008c800000| Untracked 
| 201|0x000000008c900000, 0x000000008c900000, 0x000000008ca00000|  0%| F|  |TAMS 0x000000008c900000, 0x000000008c900000| Untracked 
| 202|0x000000008ca00000, 0x000000008ca00000, 0x000000008cb00000|  0%| F|  |TAMS 0x000000008ca00000, 0x000000008ca00000| Untracked 
| 203|0x000000008cb00000, 0x000000008cb00000, 0x000000008cc00000|  0%| F|  |TAMS 0x000000008cb00000, 0x000000008cb00000| Untracked 
| 204|0x000000008cc00000, 0x000000008cc00000, 0x000000008cd00000|  0%| F|  |TAMS 0x000000008cc00000, 0x000000008cc00000| Untracked 
| 205|0x000000008cd00000, 0x000000008cd00000, 0x000000008ce00000|  0%| F|  |TAMS 0x000000008cd00000, 0x000000008cd00000| Untracked 
| 206|0x000000008ce00000, 0x000000008ce00000, 0x000000008cf00000|  0%| F|  |TAMS 0x000000008ce00000, 0x000000008ce00000| Untracked 
| 207|0x000000008cf00000, 0x000000008cf00000, 0x000000008d000000|  0%| F|  |TAMS 0x000000008cf00000, 0x000000008cf00000| Untracked 
| 208|0x000000008d000000, 0x000000008d000000, 0x000000008d100000|  0%| F|  |TAMS 0x000000008d000000, 0x000000008d000000| Untracked 
| 209|0x000000008d100000, 0x000000008d100000, 0x000000008d200000|  0%| F|  |TAMS 0x000000008d100000, 0x000000008d100000| Untracked 
| 210|0x000000008d200000, 0x000000008d200000, 0x000000008d300000|  0%| F|  |TAMS 0x000000008d200000, 0x000000008d200000| Untracked 
| 211|0x000000008d300000, 0x000000008d300000, 0x000000008d400000|  0%| F|  |TAMS 0x000000008d300000, 0x000000008d300000| Untracked 
| 212|0x000000008d400000, 0x000000008d400000, 0x000000008d500000|  0%| F|  |TAMS 0x000000008d400000, 0x000000008d400000| Untracked 
| 213|0x000000008d500000, 0x000000008d500000, 0x000000008d600000|  0%| F|  |TAMS 0x000000008d500000, 0x000000008d500000| Untracked 
| 214|0x000000008d600000, 0x000000008d600000, 0x000000008d700000|  0%| F|  |TAMS 0x000000008d600000, 0x000000008d600000| Untracked 
| 215|0x000000008d700000, 0x000000008d700000, 0x000000008d800000|  0%| F|  |TAMS 0x000000008d700000, 0x000000008d700000| Untracked 
| 216|0x000000008d800000, 0x000000008d800000, 0x000000008d900000|  0%| F|  |TAMS 0x000000008d800000, 0x000000008d800000| Untracked 
| 217|0x000000008d900000, 0x000000008d900000, 0x000000008da00000|  0%| F|  |TAMS 0x000000008d900000, 0x000000008d900000| Untracked 
| 218|0x000000008da00000, 0x000000008da00000, 0x000000008db00000|  0%| F|  |TAMS 0x000000008da00000, 0x000000008da00000| Untracked 
| 219|0x000000008db00000, 0x000000008db00000, 0x000000008dc00000|  0%| F|  |TAMS 0x000000008db00000, 0x000000008db00000| Untracked 
| 220|0x000000008dc00000, 0x000000008dc00000, 0x000000008dd00000|  0%| F|  |TAMS 0x000000008dc00000, 0x000000008dc00000| Untracked 
| 221|0x000000008dd00000, 0x000000008dd00000, 0x000000008de00000|  0%| F|  |TAMS 0x000000008dd00000, 0x000000008dd00000| Untracked 
| 222|0x000000008de00000, 0x000000008de00000, 0x000000008df00000|  0%| F|  |TAMS 0x000000008de00000, 0x000000008de00000| Untracked 
| 223|0x000000008df00000, 0x000000008df00000, 0x000000008e000000|  0%| F|  |TAMS 0x000000008df00000, 0x000000008df00000| Untracked 
| 224|0x000000008e000000, 0x000000008e000000, 0x000000008e100000|  0%| F|  |TAMS 0x000000008e000000, 0x000000008e000000| Untracked 
| 225|0x000000008e100000, 0x000000008e100000, 0x000000008e200000|  0%| F|  |TAMS 0x000000008e100000, 0x000000008e100000| Untracked 
| 226|0x000000008e200000, 0x000000008e200000, 0x000000008e300000|  0%| F|  |TAMS 0x000000008e200000, 0x000000008e200000| Untracked 
| 227|0x000000008e300000, 0x000000008e300000, 0x000000008e400000|  0%| F|  |TAMS 0x000000008e300000, 0x000000008e300000| Untracked 
| 228|0x000000008e400000, 0x000000008e400000, 0x000000008e500000|  0%| F|  |TAMS 0x000000008e400000, 0x000000008e400000| Untracked 
| 229|0x000000008e500000, 0x000000008e500000, 0x000000008e600000|  0%| F|  |TAMS 0x000000008e500000, 0x000000008e500000| Untracked 
| 230|0x000000008e600000, 0x000000008e600000, 0x000000008e700000|  0%| F|  |TAMS 0x000000008e600000, 0x000000008e600000| Untracked 
| 231|0x000000008e700000, 0x000000008e700000, 0x000000008e800000|  0%| F|  |TAMS 0x000000008e700000, 0x000000008e700000| Untracked 
| 232|0x000000008e800000, 0x000000008e800000, 0x000000008e900000|  0%| F|  |TAMS 0x000000008e800000, 0x000000008e800000| Untracked 
| 233|0x000000008e900000, 0x000000008e900000, 0x000000008ea00000|  0%| F|  |TAMS 0x000000008e900000, 0x000000008e900000| Untracked 
| 234|0x000000008ea00000, 0x000000008ea00000, 0x000000008eb00000|  0%| F|  |TAMS 0x000000008ea00000, 0x000000008ea00000| Untracked 
| 235|0x000000008eb00000, 0x000000008eb00000, 0x000000008ec00000|  0%| F|  |TAMS 0x000000008eb00000, 0x000000008eb00000| Untracked 
| 236|0x000000008ec00000, 0x000000008ec00000, 0x000000008ed00000|  0%| F|  |TAMS 0x000000008ec00000, 0x000000008ec00000| Untracked 
| 237|0x000000008ed00000, 0x000000008ed00000, 0x000000008ee00000|  0%| F|  |TAMS 0x000000008ed00000, 0x000000008ed00000| Untracked 
| 238|0x000000008ee00000, 0x000000008ee00000, 0x000000008ef00000|  0%| F|  |TAMS 0x000000008ee00000, 0x000000008ee00000| Untracked 
| 239|0x000000008ef00000, 0x000000008ef00000, 0x000000008f000000|  0%| F|  |TAMS 0x000000008ef00000, 0x000000008ef00000| Untracked 
| 240|0x000000008f000000, 0x000000008f000000, 0x000000008f100000|  0%| F|  |TAMS 0x000000008f000000, 0x000000008f000000| Untracked 
| 241|0x000000008f100000, 0x000000008f100000, 0x000000008f200000|  0%| F|  |TAMS 0x000000008f100000, 0x000000008f100000| Untracked 
| 242|0x000000008f200000, 0x000000008f200000, 0x000000008f300000|  0%| F|  |TAMS 0x000000008f200000, 0x000000008f200000| Untracked 
| 243|0x000000008f300000, 0x000000008f300000, 0x000000008f400000|  0%| F|  |TAMS 0x000000008f300000, 0x000000008f300000| Untracked 
| 244|0x000000008f400000, 0x000000008f400000, 0x000000008f500000|  0%| F|  |TAMS 0x000000008f400000, 0x000000008f400000| Untracked 
| 245|0x000000008f500000, 0x000000008f500000, 0x000000008f600000|  0%| F|  |TAMS 0x000000008f500000, 0x000000008f500000| Untracked 
| 246|0x000000008f600000, 0x000000008f600000, 0x000000008f700000|  0%| F|  |TAMS 0x000000008f600000, 0x000000008f600000| Untracked 
| 247|0x000000008f700000, 0x000000008f700000, 0x000000008f800000|  0%| F|  |TAMS 0x000000008f700000, 0x000000008f700000| Untracked 
| 248|0x000000008f800000, 0x000000008f800000, 0x000000008f900000|  0%| F|  |TAMS 0x000000008f800000, 0x000000008f800000| Untracked 
| 249|0x000000008f900000, 0x000000008f900000, 0x000000008fa00000|  0%| F|  |TAMS 0x000000008f900000, 0x000000008f900000| Untracked 
| 250|0x000000008fa00000, 0x000000008fa00000, 0x000000008fb00000|  0%| F|  |TAMS 0x000000008fa00000, 0x000000008fa00000| Untracked 
| 251|0x000000008fb00000, 0x000000008fb00000, 0x000000008fc00000|  0%| F|  |TAMS 0x000000008fb00000, 0x000000008fb00000| Untracked 
| 252|0x000000008fc00000, 0x000000008fc00000, 0x000000008fd00000|  0%| F|  |TAMS 0x000000008fc00000, 0x000000008fc00000| Untracked 
| 253|0x000000008fd00000, 0x000000008fd20848, 0x000000008fe00000| 12%| E|  |TAMS 0x000000008fd00000, 0x000000008fd00000| Complete 
| 254|0x000000008fe00000, 0x000000008ff00000, 0x000000008ff00000|100%| E|CS|TAMS 0x000000008fe00000, 0x000000008fe00000| Complete 
| 255|0x000000008ff00000, 0x0000000090000000, 0x0000000090000000|100%| E|CS|TAMS 0x000000008ff00000, 0x000000008ff00000| Complete 
| 256|0x0000000090000000, 0x0000000090100000, 0x0000000090100000|100%| E|CS|TAMS 0x0000000090000000, 0x0000000090000000| Complete 

Card table byte_map: [0x000001f06b770000,0x000001f06bb70000] _byte_map_base: 0x000001f06b370000

Marking Bits (Prev, Next): (CMBitMap*) 0x000001f0520ddf10, (CMBitMap*) 0x000001f0520ddf50
 Prev Bits: [0x000001f06bf70000, 0x000001f06df70000)
 Next Bits: [0x000001f06df70000, 0x000001f06ff70000)

Polling page: 0x000001f052310000

Metaspace:

Usage:
  Non-class:     90.07 MB used.
      Class:     14.40 MB used.
       Both:    104.47 MB used.

Virtual space:
  Non-class space:      128.00 MB reserved,      90.62 MB ( 71%) committed,  2 nodes.
      Class space:      416.00 MB reserved,      14.94 MB (  4%) committed,  1 nodes.
             Both:      544.00 MB reserved,     105.56 MB ( 19%) committed. 

Chunk freelists:
   Non-Class:  4.67 MB
       Class:  992.00 KB
        Both:  5.64 MB

MaxMetaspaceSize: 512.00 MB
CompressedClassSpaceSize: 416.00 MB
Initial GC threshold: 21.00 MB
Current GC threshold: 167.62 MB
CDS: on
MetaspaceReclaimPolicy: balanced
 - commit_granule_bytes: 65536.
 - commit_granule_words: 8192.
 - virtual_space_node_default_size: 8388608.
 - enlarge_chunks_in_place: 1.
 - new_chunks_are_fully_committed: 0.
 - uncommit_free_chunks: 1.
 - use_allocation_guard: 0.
 - handle_deallocations: 1.


Internal statistics:

num_allocs_failed_limit: 11.
num_arena_births: 1420.
num_arena_deaths: 6.
num_vsnodes_births: 3.
num_vsnodes_deaths: 0.
num_space_committed: 1689.
num_space_uncommitted: 0.
num_chunks_returned_to_freelist: 22.
num_chunks_taken_from_freelist: 5904.
num_chunk_merges: 13.
num_chunk_splits: 3806.
num_chunks_enlarged: 2434.
num_inconsistent_stats: 0.

CodeHeap 'non-profiled nmethods': size=120000Kb used=9674Kb max_used=9674Kb free=110326Kb
 bounds [0x000001f063b10000, 0x000001f064490000, 0x000001f06b040000]
CodeHeap 'profiled nmethods': size=120000Kb used=27429Kb max_used=27935Kb free=92570Kb
 bounds [0x000001f05c040000, 0x000001f05db90000, 0x000001f063570000]
CodeHeap 'non-nmethods': size=5760Kb used=2453Kb max_used=2530Kb free=3306Kb
 bounds [0x000001f063570000, 0x000001f063800000, 0x000001f063b10000]
 total_blobs=14952 nmethods=13974 adapters=888
 compilation: enabled
              stopped_count=0, restarted_count=0
 full_count=0

Compilation events (20 events):
Event: 306.862 Thread 0x000001f0729b8990 nmethod 16762 0x000001f05d4a1a10 code [0x000001f05d4a1bc0, 0x000001f05d4a1d08]
Event: 306.866 Thread 0x000001f0729a6010 nmethod 16759 0x000001f06447df10 code [0x000001f06447e160, 0x000001f06447ec48]
Event: 306.866 Thread 0x000001f0729a6010 16761       4       jdk.internal.jimage.ImageStringsReader::stringFromByteBufferMatches (138 bytes)
Event: 306.891 Thread 0x000001f0729a6010 nmethod 16761 0x000001f06447f390 code [0x000001f06447f520, 0x000001f06447fe58]
Event: 306.891 Thread 0x000001f0729a6010 16760       4       jdk.internal.loader.BuiltinClassLoader::moduleReaderFor (45 bytes)
Event: 306.913 Thread 0x000001f0729a6010 nmethod 16760 0x000001f064480210 code [0x000001f0644804a0, 0x000001f0644812c8]
Event: 306.992 Thread 0x000001f0729a6010 16763       4       java.util.concurrent.ConcurrentHashMap$ValueIterator::next (34 bytes)
Event: 307.001 Thread 0x000001f0729a6010 nmethod 16763 0x000001f064481d90 code [0x000001f064481f20, 0x000001f064482338]
Event: 307.012 Thread 0x000001f0729a6010 16764       4       jdk.internal.misc.VM::isModuleSystemInited (13 bytes)
Event: 307.012 Thread 0x000001f0729b8990 16765       3       java.lang.ModuleLayer::boot (4 bytes)
Event: 307.013 Thread 0x000001f0729b8990 nmethod 16765 0x000001f05d664990 code [0x000001f05d664b20, 0x000001f05d664c18]
Event: 307.013 Thread 0x000001f0729a6010 nmethod 16764 0x000001f064482510 code [0x000001f0644826a0, 0x000001f064482718]
Event: 307.232 Thread 0x000001f0729b8990 16766       3       java.lang.StackTraceElement::<init> (10 bytes)
Event: 307.232 Thread 0x000001f0729b8990 nmethod 16766 0x000001f05d6c6310 code [0x000001f05d6c64c0, 0x000001f05d6c6638]
Event: 307.233 Thread 0x000001f0729b8990 16767  s!   3       java.lang.StackTraceElement::computeFormat (71 bytes)
Event: 307.234 Thread 0x000001f0729b8990 nmethod 16767 0x000001f05d6c5590 code [0x000001f05d6c57a0, 0x000001f05d6c6038]
Event: 307.234 Thread 0x000001f0729b8990 16768       3       java.lang.StackTraceElement::isHashedInJavaBase (31 bytes)
Event: 307.234 Thread 0x000001f0729b8990 nmethod 16768 0x000001f05d6c4d10 code [0x000001f05d6c4f00, 0x000001f05d6c53f8]
Event: 307.234 Thread 0x000001f0729b8990 16769       3       java.lang.Module::getLayer (43 bytes)
Event: 307.235 Thread 0x000001f0729b8990 nmethod 16769 0x000001f05d6c4690 code [0x000001f05d6c4860, 0x000001f05d6c4c08]

GC Heap History (20 events):
Event: 266.048 GC heap before
{Heap before GC invocations=43 (full 0):
 garbage-first heap   total 263168K, used 219359K [0x0000000080000000, 0x0000000100000000)
  region size 1024K, 102 young (104448K), 2 survivors (2048K)
 Metaspace       used 102172K, committed 102976K, reserved 557056K
  class space    used 14106K, committed 14464K, reserved 425984K
}
Event: 266.053 GC heap after
{Heap after GC invocations=44 (full 0):
 garbage-first heap   total 263168K, used 119012K [0x0000000080000000, 0x0000000100000000)
  region size 1024K, 3 young (3072K), 3 survivors (3072K)
 Metaspace       used 102172K, committed 102976K, reserved 557056K
  class space    used 14106K, committed 14464K, reserved 425984K
}
Event: 267.396 GC heap before
{Heap before GC invocations=45 (full 0):
 garbage-first heap   total 263168K, used 221412K [0x0000000080000000, 0x0000000100000000)
  region size 1024K, 104 young (106496K), 3 survivors (3072K)
 Metaspace       used 102132K, committed 102976K, reserved 557056K
  class space    used 14093K, committed 14464K, reserved 425984K
}
Event: 267.401 GC heap after
{Heap after GC invocations=46 (full 0):
 garbage-first heap   total 263168K, used 118984K [0x0000000080000000, 0x0000000100000000)
  region size 1024K, 3 young (3072K), 3 survivors (3072K)
 Metaspace       used 102132K, committed 102976K, reserved 557056K
  class space    used 14093K, committed 14464K, reserved 425984K
}
Event: 267.443 GC heap before
{Heap before GC invocations=46 (full 0):
 garbage-first heap   total 263168K, used 128200K [0x0000000080000000, 0x0000000100000000)
  region size 1024K, 12 young (12288K), 3 survivors (3072K)
 Metaspace       used 102132K, committed 102976K, reserved 557056K
  class space    used 14093K, committed 14464K, reserved 425984K
}
Event: 267.475 GC heap after
{Heap after GC invocations=47 (full 0):
 garbage-first heap   total 263168K, used 117645K [0x0000000080000000, 0x0000000100000000)
  region size 1024K, 1 young (1024K), 1 survivors (1024K)
 Metaspace       used 102132K, committed 102976K, reserved 557056K
  class space    used 14093K, committed 14464K, reserved 425984K
}
Event: 267.908 GC heap before
{Heap before GC invocations=47 (full 0):
 garbage-first heap   total 263168K, used 221069K [0x0000000080000000, 0x0000000100000000)
  region size 1024K, 103 young (105472K), 1 survivors (1024K)
 Metaspace       used 102134K, committed 102976K, reserved 557056K
  class space    used 14093K, committed 14464K, reserved 425984K
}
Event: 267.911 GC heap after
{Heap after GC invocations=48 (full 0):
 garbage-first heap   total 263168K, used 119121K [0x0000000080000000, 0x0000000100000000)
  region size 1024K, 2 young (2048K), 2 survivors (2048K)
 Metaspace       used 102134K, committed 102976K, reserved 557056K
  class space    used 14093K, committed 14464K, reserved 425984K
}
Event: 269.114 GC heap before
{Heap before GC invocations=48 (full 0):
 garbage-first heap   total 263168K, used 224593K [0x0000000080000000, 0x0000000100000000)
  region size 1024K, 106 young (108544K), 2 survivors (2048K)
 Metaspace       used 102136K, committed 102976K, reserved 557056K
  class space    used 14093K, committed 14464K, reserved 425984K
}
Event: 269.118 GC heap after
{Heap after GC invocations=49 (full 0):
 garbage-first heap   total 263168K, used 118891K [0x0000000080000000, 0x0000000100000000)
  region size 1024K, 2 young (2048K), 2 survivors (2048K)
 Metaspace       used 102136K, committed 102976K, reserved 557056K
  class space    used 14093K, committed 14464K, reserved 425984K
}
Event: 270.380 GC heap before
{Heap before GC invocations=49 (full 0):
 garbage-first heap   total 263168K, used 225387K [0x0000000080000000, 0x0000000100000000)
  region size 1024K, 107 young (109568K), 2 survivors (2048K)
 Metaspace       used 102258K, committed 103040K, reserved 557056K
  class space    used 14106K, committed 14464K, reserved 425984K
}
Event: 270.384 GC heap after
{Heap after GC invocations=50 (full 0):
 garbage-first heap   total 263168K, used 117721K [0x0000000080000000, 0x0000000100000000)
  region size 1024K, 1 young (1024K), 1 survivors (1024K)
 Metaspace       used 102258K, committed 103040K, reserved 557056K
  class space    used 14106K, committed 14464K, reserved 425984K
}
Event: 272.226 GC heap before
{Heap before GC invocations=51 (full 0):
 garbage-first heap   total 263168K, used 227289K [0x0000000080000000, 0x0000000100000000)
  region size 1024K, 109 young (111616K), 1 survivors (1024K)
 Metaspace       used 102299K, committed 103104K, reserved 557056K
  class space    used 14109K, committed 14464K, reserved 425984K
}
Event: 272.230 GC heap after
{Heap after GC invocations=52 (full 0):
 garbage-first heap   total 263168K, used 117521K [0x0000000080000000, 0x0000000100000000)
  region size 1024K, 1 young (1024K), 1 survivors (1024K)
 Metaspace       used 102299K, committed 103104K, reserved 557056K
  class space    used 14109K, committed 14464K, reserved 425984K
}
Event: 272.358 GC heap before
{Heap before GC invocations=52 (full 0):
 garbage-first heap   total 263168K, used 127761K [0x0000000080000000, 0x0000000100000000)
  region size 1024K, 12 young (12288K), 1 survivors (1024K)
 Metaspace       used 102299K, committed 103104K, reserved 557056K
  class space    used 14109K, committed 14464K, reserved 425984K
}
Event: 272.365 GC heap after
{Heap after GC invocations=53 (full 0):
 garbage-first heap   total 263168K, used 115359K [0x0000000080000000, 0x0000000100000000)
  region size 1024K, 1 young (1024K), 1 survivors (1024K)
 Metaspace       used 102299K, committed 103104K, reserved 557056K
  class space    used 14109K, committed 14464K, reserved 425984K
}
Event: 288.255 GC heap before
{Heap before GC invocations=53 (full 0):
 garbage-first heap   total 263168K, used 234143K [0x0000000080000000, 0x0000000100000000)
  region size 1024K, 112 young (114688K), 1 survivors (1024K)
 Metaspace       used 103426K, committed 104384K, reserved 557056K
  class space    used 14228K, committed 14656K, reserved 425984K
}
Event: 288.327 GC heap after
{Heap after GC invocations=54 (full 0):
 garbage-first heap   total 263168K, used 140640K [0x0000000080000000, 0x0000000100000000)
  region size 1024K, 14 young (14336K), 14 survivors (14336K)
 Metaspace       used 103426K, committed 104384K, reserved 557056K
  class space    used 14228K, committed 14656K, reserved 425984K
}
Event: 307.137 GC heap before
{Heap before GC invocations=54 (full 0):
 garbage-first heap   total 263168K, used 214368K [0x0000000080000000, 0x0000000100000000)
  region size 1024K, 87 young (89088K), 14 survivors (14336K)
 Metaspace       used 106617K, committed 107776K, reserved 557056K
  class space    used 14690K, committed 15232K, reserved 425984K
}
Event: 307.195 GC heap after
{Heap after GC invocations=55 (full 0):
 garbage-first heap   total 263168K, used 152576K [0x0000000080000000, 0x0000000100000000)
  region size 1024K, 11 young (11264K), 11 survivors (11264K)
 Metaspace       used 106617K, committed 107776K, reserved 557056K
  class space    used 14690K, committed 15232K, reserved 425984K
}

Dll operation events (15 events):
Event: 0.032 Loaded shared library C:\Users\valmi\.jdks\ms-17.0.18\bin\java.dll
Event: 0.063 Loaded shared library C:\Users\valmi\.jdks\ms-17.0.18\bin\jsvml.dll
Event: 0.189 Loaded shared library C:\Users\valmi\.jdks\ms-17.0.18\bin\zip.dll
Event: 0.197 Loaded shared library C:\Users\valmi\.jdks\ms-17.0.18\bin\instrument.dll
Event: 0.206 Loaded shared library C:\Users\valmi\.jdks\ms-17.0.18\bin\net.dll
Event: 0.209 Loaded shared library C:\Users\valmi\.jdks\ms-17.0.18\bin\nio.dll
Event: 0.217 Loaded shared library C:\Users\valmi\.jdks\ms-17.0.18\bin\zip.dll
Event: 0.750 Loaded shared library C:\Users\valmi\.jdks\ms-17.0.18\bin\jimage.dll
Event: 0.949 Loaded shared library C:\Users\valmi\.jdks\ms-17.0.18\bin\verify.dll
Event: 1.437 Loaded shared library C:\Users\valmi\.gradle\native\68d5fa5c4cc2d200863cafc0d521ce42e7d3e7ee720ec0a83991735586a16f82\windows-amd64\native-platform.dll
Event: 1.486 Loaded shared library C:\Users\valmi\.gradle\native\e376f236ea51e6404a007f0833ffe2c6e607c4080706a723a18a27aeea778392\windows-amd64\native-platform-file-events.dll
Event: 8.234 Loaded shared library C:\Users\valmi\.jdks\ms-17.0.18\bin\management.dll
Event: 8.241 Loaded shared library C:\Users\valmi\.jdks\ms-17.0.18\bin\management_ext.dll
Event: 8.852 Loaded shared library C:\Users\valmi\.jdks\ms-17.0.18\bin\extnet.dll
Event: 9.278 Loaded shared library C:\Users\valmi\.jdks\ms-17.0.18\bin\sunmscapi.dll

Deoptimization events (20 events):
Event: 290.961 Thread 0x000001f0784f8140 DEOPT PACKING pc=0x000001f0641b9b80 sp=0x0000005e188fa1a0
Event: 290.961 Thread 0x000001f0784f8140 DEOPT UNPACKING pc=0x000001f0635ca1a3 sp=0x0000005e188fa138 mode 2
Event: 291.005 Thread 0x000001f0784f8140 Uncommon trap: trap_request=0xffffff45 fr.pc=0x000001f06405e6e8 relative=0x0000000000000348
Event: 291.005 Thread 0x000001f0784f8140 Uncommon trap: reason=unstable_if action=reinterpret pc=0x000001f06405e6e8 method=com.google.gson.stream.JsonReader.doPeek()I @ 525 c2
Event: 291.005 Thread 0x000001f0784f8140 DEOPT PACKING pc=0x000001f06405e6e8 sp=0x0000005e188f9bb0
Event: 291.005 Thread 0x000001f0784f8140 DEOPT UNPACKING pc=0x000001f0635ca1a3 sp=0x0000005e188f9b38 mode 2
Event: 291.018 Thread 0x000001f0784f8140 Uncommon trap: trap_request=0xffffffd6 fr.pc=0x000001f0641b9aa8 relative=0x00000000000007e8
Event: 291.018 Thread 0x000001f0784f8140 Uncommon trap: reason=array_check action=maybe_recompile pc=0x000001f0641b9aa8 method=java.util.TimSort.binarySort([Ljava/lang/Object;IIILjava/util/Comparator;)V @ 193 c2
Event: 291.018 Thread 0x000001f0784f8140 DEOPT PACKING pc=0x000001f0641b9aa8 sp=0x0000005e188f8a70
Event: 291.018 Thread 0x000001f0784f8140 DEOPT UNPACKING pc=0x000001f0635ca1a3 sp=0x0000005e188f8a08 mode 2
Event: 291.018 Thread 0x000001f0784f8140 Uncommon trap: trap_request=0xffffffd6 fr.pc=0x000001f0641b9968 relative=0x00000000000006a8
Event: 291.018 Thread 0x000001f0784f8140 Uncommon trap: reason=array_check action=maybe_recompile pc=0x000001f0641b9968 method=java.util.TimSort.binarySort([Ljava/lang/Object;IIILjava/util/Comparator;)V @ 215 c2
Event: 291.018 Thread 0x000001f0784f8140 DEOPT PACKING pc=0x000001f0641b9968 sp=0x0000005e188f8fc0
Event: 291.019 Thread 0x000001f0784f8140 DEOPT UNPACKING pc=0x000001f0635ca1a3 sp=0x0000005e188f8f58 mode 2
Event: 291.629 Thread 0x000001f0784f8140 DEOPT PACKING pc=0x000001f05d00720e sp=0x0000005e188f9910
Event: 291.629 Thread 0x000001f0784f8140 DEOPT UNPACKING pc=0x000001f0635cace3 sp=0x0000005e188f8eb0 mode 0
Event: 293.116 Thread 0x000001f0784f8140 Uncommon trap: trap_request=0xffffffc6 fr.pc=0x000001f0641256bc relative=0x0000000000002cbc
Event: 293.116 Thread 0x000001f0784f8140 Uncommon trap: reason=bimorphic_or_optimized_type_check action=maybe_recompile pc=0x000001f0641256bc method=org.gradle.internal.ImmutableActionSet.add(Lorg/gradle/api/Action;)Lorg/gradle/internal/ImmutableActionSet; @ 83 c2
Event: 293.116 Thread 0x000001f0784f8140 DEOPT PACKING pc=0x000001f0641256bc sp=0x0000005e188f97f0
Event: 293.116 Thread 0x000001f0784f8140 DEOPT UNPACKING pc=0x000001f0635ca1a3 sp=0x0000005e188f9800 mode 2

Classes loaded (20 events):
Event: 307.236 Loading class javax/xml/datatype/DatatypeConstants$Field
Event: 307.236 Loading class javax/xml/datatype/DatatypeConstants$Field done
Event: 307.244 Loading class java/awt/image/RenderedImage
Event: 307.246 Loading class java/awt/image/RenderedImage done
Event: 307.251 Loading class java/awt/image/BufferedImage
Event: 307.254 Loading class java/awt/image/WritableRenderedImage
Event: 307.254 Loading class java/awt/image/WritableRenderedImage done
Event: 307.257 Loading class java/awt/image/BufferedImage done
Event: 307.260 Loading class java/awt/Graphics2D
Event: 307.265 Loading class java/awt/Graphics2D done
Event: 307.300 Loading class java/awt/datatransfer/Transferable
Event: 307.301 Loading class java/awt/datatransfer/Transferable done
Event: 307.305 Loading class javax/xml/transform/Result
Event: 307.305 Loading class javax/xml/transform/Result done
Event: 307.306 Loading class javax/xml/datatype/XMLGregorianCalendar
Event: 307.308 Loading class javax/xml/datatype/XMLGregorianCalendar done
Event: 307.317 Loading class javax/xml/namespace/NamespaceContext
Event: 307.319 Loading class javax/xml/namespace/NamespaceContext done
Event: 307.320 Loading class javax/xml/datatype/Duration
Event: 307.323 Loading class javax/xml/datatype/Duration done

Classes unloaded (11 events):
Event: 266.196 Thread 0x000001f072981270 Unloading class 0x000001f001d61c00 '_BuildScript_$_run_closure1$_closure3'
Event: 266.196 Thread 0x000001f072981270 Unloading class 0x000001f001d62920 '_BuildScript_$_run_closure1$_closure2'
Event: 266.196 Thread 0x000001f072981270 Unloading class 0x000001f001d62538 '_BuildScript_$_run_closure1'
Event: 266.196 Thread 0x000001f072981270 Unloading class 0x000001f001d62000 '_BuildScript_'
Event: 266.196 Thread 0x000001f072981270 Unloading class 0x000001f001d597d0 '_BuildScript_$_run_closure3'
Event: 266.196 Thread 0x000001f072981270 Unloading class 0x000001f001d593e8 '_BuildScript_$_run_closure2'
Event: 266.196 Thread 0x000001f072981270 Unloading class 0x000001f001d59000 '_BuildScript_$_run_closure1$_closure5'
Event: 266.196 Thread 0x000001f072981270 Unloading class 0x000001f001d58928 '_BuildScript_$_run_closure1$_closure4'
Event: 266.196 Thread 0x000001f072981270 Unloading class 0x000001f001d58540 '_BuildScript_$_run_closure1'
Event: 266.196 Thread 0x000001f072981270 Unloading class 0x000001f001d58000 '_BuildScript_'
Event: 266.196 Thread 0x000001f072981270 Unloading class 0x000001f001d54000 '_BuildScript_'

Classes redefined (0 events):
No events

Internal exceptions (20 events):
Event: 289.123 Thread 0x000001f0784f8140 Exception <a 'java/lang/ClassNotFoundException'{0x000000008f397140}: build_9suj0m9fteyrdrpgmgb0an9mtBeanInfo> (0x000000008f397140) 
thrown [s\src\hotspot\share\classfile\systemDictionary.cpp, line 256]
Event: 289.124 Thread 0x000001f0784f8140 Exception <a 'java/lang/ClassNotFoundException'{0x000000008f39db80}: build_9suj0m9fteyrdrpgmgb0an9mtCustomizer> (0x000000008f39db80) 
thrown [s\src\hotspot\share\classfile\systemDictionary.cpp, line 256]
Event: 289.194 Thread 0x000001f0784f8140 Exception <a 'java/lang/ClassNotFoundException'{0x000000008f24e650}: java/lang/MathBeanInfo> (0x000000008f24e650) 
thrown [s\src\hotspot\share\classfile\systemDictionary.cpp, line 256]
Event: 289.195 Thread 0x000001f0784f8140 Exception <a 'java/lang/ClassNotFoundException'{0x000000008f254200}: java/lang/MathCustomizer> (0x000000008f254200) 
thrown [s\src\hotspot\share\classfile\systemDictionary.cpp, line 256]
Event: 289.361 Thread 0x000001f0784f8140 Exception <a 'java/lang/ClassNotFoundException'{0x000000008ef85a68}: build_9suj0m9fteyrdrpgmgb0an9mtBeanInfo> (0x000000008ef85a68) 
thrown [s\src\hotspot\share\classfile\systemDictionary.cpp, line 256]
Event: 289.362 Thread 0x000001f0784f8140 Exception <a 'java/lang/ClassNotFoundException'{0x000000008ef8c448}: build_9suj0m9fteyrdrpgmgb0an9mtCustomizer> (0x000000008ef8c448) 
thrown [s\src\hotspot\share\classfile\systemDictionary.cpp, line 256]
Event: 289.659 Thread 0x000001f0784f8140 Exception <a 'java/lang/ClassNotFoundException'{0x000000008eb43f98}: org/gradle/internal/io/LinePerThreadBufferingOutputStreamBeanInfo> (0x000000008eb43f98) 
thrown [s\src\hotspot\share\classfile\systemDictionary.cpp, line 256]
Event: 289.666 Thread 0x000001f0784f8140 Exception <a 'java/lang/ClassNotFoundException'{0x000000008eb4cff8}: java/io/PrintStreamBeanInfo> (0x000000008eb4cff8) 
thrown [s\src\hotspot\share\classfile\systemDictionary.cpp, line 256]
Event: 289.672 Thread 0x000001f0784f8140 Exception <a 'java/lang/ClassNotFoundException'{0x000000008eb55f10}: java/io/FilterOutputStreamBeanInfo> (0x000000008eb55f10) 
thrown [s\src\hotspot\share\classfile\systemDictionary.cpp, line 256]
Event: 289.673 Thread 0x000001f0784f8140 Exception <a 'java/lang/ClassNotFoundException'{0x000000008eb5edb0}: java/io/OutputStreamBeanInfo> (0x000000008eb5edb0) 
thrown [s\src\hotspot\share\classfile\systemDictionary.cpp, line 256]
Event: 289.685 Thread 0x000001f0784f8140 Exception <a 'java/lang/ClassNotFoundException'{0x000000008eb67c30}: java/io/OutputStreamCustomizer> (0x000000008eb67c30) 
thrown [s\src\hotspot\share\classfile\systemDictionary.cpp, line 256]
Event: 289.686 Thread 0x000001f0784f8140 Exception <a 'java/lang/ClassNotFoundException'{0x000000008eb74838}: java/io/FilterOutputStreamCustomizer> (0x000000008eb74838) 
thrown [s\src\hotspot\share\classfile\systemDictionary.cpp, line 256]
Event: 289.694 Thread 0x000001f0784f8140 Exception <a 'java/lang/ClassNotFoundException'{0x000000008eb82c40}: java/io/PrintStreamCustomizer> (0x000000008eb82c40) 
thrown [s\src\hotspot\share\classfile\systemDictionary.cpp, line 256]
Event: 289.698 Thread 0x000001f0784f8140 Exception <a 'java/lang/ClassNotFoundException'{0x000000008eba9b10}: org/gradle/internal/io/LinePerThreadBufferingOutputStreamCustomizer> (0x000000008eba9b10) 
thrown [s\src\hotspot\share\classfile\systemDictionary.cpp, line 256]
Event: 289.762 Thread 0x000001f0784f8140 Exception <a 'java/lang/ClassNotFoundException'{0x000000008ea44268}: com/android/build/gradle/internal/api/DefaultAndroidSourceFileBeanInfo> (0x000000008ea44268) 
thrown [s\src\hotspot\share\classfile\systemDictionary.cpp, line 256]
Event: 289.763 Thread 0x000001f0784f8140 Exception <a 'java/lang/ClassNotFoundException'{0x000000008ea53358}: com/android/build/gradle/internal/api/DefaultAndroidSourceFileCustomizer> (0x000000008ea53358) 
thrown [s\src\hotspot\share\classfile\systemDictionary.cpp, line 256]
Event: 289.774 Thread 0x000001f0784f8140 Exception <a 'java/lang/ClassNotFoundException'{0x000000008ea89030}: build_9suj0m9fteyrdrpgmgb0an9mt$_run_closure4BeanInfo> (0x000000008ea89030) 
thrown [s\src\hotspot\share\classfile\systemDictionary.cpp, line 256]
Event: 289.775 Thread 0x000001f0784f8140 Exception <a 'java/lang/ClassNotFoundException'{0x000000008ea94610}: build_9suj0m9fteyrdrpgmgb0an9mt$_run_closure4Customizer> (0x000000008ea94610) 
thrown [s\src\hotspot\share\classfile\systemDictionary.cpp, line 256]
Event: 290.817 Thread 0x000001f0784f8140 Implicit null exception at 0x000001f064109245 to 0x000001f0641117cc
Event: 307.208 Thread 0x000001f0784f8140 Exception <a 'java/lang/NullPointerException'{0x0000000090091db8}> (0x0000000090091db8) 
thrown [s\src\hotspot\share\interpreter\linkResolver.cpp, line 1433]

VM Operations (20 events):
Event: 287.801 Executing VM operation: HandshakeAllThreads
Event: 287.802 Executing VM operation: HandshakeAllThreads done
Event: 288.252 Executing VM operation: G1CollectForAllocation
Event: 288.327 Executing VM operation: G1CollectForAllocation done
Event: 288.614 Executing VM operation: HandshakeAllThreads
Event: 288.615 Executing VM operation: HandshakeAllThreads done
Event: 289.619 Executing VM operation: Cleanup
Event: 289.620 Executing VM operation: Cleanup done
Event: 290.450 Executing VM operation: ICBufferFull
Event: 290.450 Executing VM operation: ICBufferFull done
Event: 291.456 Executing VM operation: Cleanup
Event: 291.456 Executing VM operation: Cleanup done
Event: 292.461 Executing VM operation: Cleanup
Event: 292.461 Executing VM operation: Cleanup done
Event: 293.469 Executing VM operation: Cleanup
Event: 294.338 Executing VM operation: Cleanup done
Event: 301.441 Executing VM operation: HandshakeAllThreads
Event: 301.442 Executing VM operation: HandshakeAllThreads done
Event: 307.124 Executing VM operation: G1CollectForAllocation
Event: 307.195 Executing VM operation: G1CollectForAllocation done

Memory protections (0 events):
No events

Nmethod flushes (20 events):
Event: 288.667 Thread 0x000001f0729bd3a0 flushing  nmethod 0x000001f05d98bb90
Event: 288.667 Thread 0x000001f0729bd3a0 flushing  nmethod 0x000001f05d98ce90
Event: 288.667 Thread 0x000001f0729bd3a0 flushing  nmethod 0x000001f05d98d690
Event: 288.667 Thread 0x000001f0729bd3a0 flushing  nmethod 0x000001f05d994a10
Event: 288.667 Thread 0x000001f0729bd3a0 flushing  nmethod 0x000001f05d99d190
Event: 288.667 Thread 0x000001f0729bd3a0 flushing  nmethod 0x000001f05d9a2810
Event: 288.667 Thread 0x000001f0729bd3a0 flushing  nmethod 0x000001f05d9a2d90
Event: 288.667 Thread 0x000001f0729bd3a0 flushing  nmethod 0x000001f05d9a3610
Event: 288.667 Thread 0x000001f0729bd3a0 flushing  nmethod 0x000001f05d9a4510
Event: 288.667 Thread 0x000001f0729bd3a0 flushing  nmethod 0x000001f05d9a4e90
Event: 288.667 Thread 0x000001f0729bd3a0 flushing  nmethod 0x000001f05d9a5490
Event: 288.667 Thread 0x000001f0729bd3a0 flushing  nmethod 0x000001f05d9a5810
Event: 288.667 Thread 0x000001f0729bd3a0 flushing  nmethod 0x000001f05d9a6290
Event: 288.667 Thread 0x000001f0729bd3a0 flushing  nmethod 0x000001f05d9a6f10
Event: 288.667 Thread 0x000001f0729bd3a0 flushing  nmethod 0x000001f05d9a7310
Event: 288.667 Thread 0x000001f0729bd3a0 flushing  nmethod 0x000001f05d9a7690
Event: 288.667 Thread 0x000001f0729bd3a0 flushing  nmethod 0x000001f05d9a9810
Event: 288.667 Thread 0x000001f0729bd3a0 flushing  nmethod 0x000001f05d9aa410
Event: 288.667 Thread 0x000001f0729bd3a0 flushing  nmethod 0x000001f05d9aad90
Event: 288.667 Thread 0x000001f0729bd3a0 flushing  nmethod 0x000001f05d9ab490

Events (20 events):
Event: 256.467 Thread 0x000001f0784f8140 Thread added: 0x000001f07b02e6f0
Event: 256.467 Thread 0x000001f0784f8140 Thread added: 0x000001f07b02d2b0
Event: 256.467 Thread 0x000001f0784f8140 Thread added: 0x000001f07b02e1e0
Event: 256.468 Thread 0x000001f0784f8140 Thread added: 0x000001f07b02ec00
Event: 275.382 Thread 0x000001f0784f8140 Thread added: 0x000001f07b030040
Event: 275.383 Thread 0x000001f0784f8140 Thread added: 0x000001f07b030550
Event: 275.385 Thread 0x000001f0784f8140 Thread added: 0x000001f07b030a60
Event: 275.385 Thread 0x000001f0784f8140 Thread added: 0x000001f07b02f110
Event: 275.385 Thread 0x000001f0784f8140 Thread added: 0x000001f07b030f70
Event: 275.387 Thread 0x000001f0784f8140 Thread added: 0x000001f07b031990
Event: 275.387 Thread 0x000001f0784f8140 Thread added: 0x000001f07b02f620
Event: 286.979 Thread 0x000001f0784f8140 Thread added: 0x000001f07b02fb30
Event: 286.980 Thread 0x000001f0784f8140 Thread added: 0x000001f07d7dd0f0
Event: 286.981 Thread 0x000001f0784f8140 Thread added: 0x000001f07d7df460
Event: 286.981 Thread 0x000001f0784f8140 Thread added: 0x000001f07d7dd600
Event: 286.981 Thread 0x000001f0784f8140 Thread added: 0x000001f07d7dbcb0
Event: 286.981 Thread 0x000001f0784f8140 Thread added: 0x000001f07d7def50
Event: 286.981 Thread 0x000001f0784f8140 Thread added: 0x000001f07d7dcbe0
Event: 291.205 Thread 0x000001f077755780 Thread added: 0x000001f07d7df970
Event: 291.206 Thread 0x000001f077758a20 Thread added: 0x000001f07d7de530


Dynamic libraries:
0x00007ff6387c0000 - 0x00007ff6387ce000 	C:\Users\valmi\.jdks\ms-17.0.18\bin\java.exe
0x00007fffc9100000 - 0x00007fffc9366000 	C:\WINDOWS\SYSTEM32\ntdll.dll
0x00007fffc7ad0000 - 0x00007fffc7b99000 	C:\WINDOWS\System32\KERNEL32.DLL
0x00007fffc6890000 - 0x00007fffc6c8a000 	C:\WINDOWS\System32\KERNELBASE.dll
0x00007fffc6510000 - 0x00007fffc665c000 	C:\WINDOWS\System32\ucrtbase.dll
0x00007fff7ed00000 - 0x00007fff7ed18000 	C:\Users\valmi\.jdks\ms-17.0.18\bin\jli.dll
0x00007fff7ebc0000 - 0x00007fff7ebde000 	C:\Users\valmi\.jdks\ms-17.0.18\bin\VCRUNTIME140.dll
0x00007fffc8da0000 - 0x00007fffc8f67000 	C:\WINDOWS\System32\USER32.dll
0x00007fffc6420000 - 0x00007fffc6447000 	C:\WINDOWS\System32\win32u.dll
0x00007fffc5590000 - 0x00007fffc5822000 	C:\WINDOWS\WinSxS\amd64_microsoft.windows.common-controls_6595b64144ccf1df_6.0.26100.8521_none_3e08b75ce33403b3\COMCTL32.dll
0x00007fffc80b0000 - 0x00007fffc80db000 	C:\WINDOWS\System32\GDI32.dll
0x00007fffc7900000 - 0x00007fffc79a9000 	C:\WINDOWS\System32\msvcrt.dll
0x00007fffc6c90000 - 0x00007fffc6dbb000 	C:\WINDOWS\System32\gdi32full.dll
0x00007fffc6660000 - 0x00007fffc6703000 	C:\WINDOWS\System32\msvcp_win.dll
0x00007fffc78c0000 - 0x00007fffc78f2000 	C:\WINDOWS\System32\IMM32.DLL
0x00007fff93e20000 - 0x00007fff93e2c000 	C:\Users\valmi\.jdks\ms-17.0.18\bin\vcruntime140_1.dll
0x00007fff46eb0000 - 0x00007fff46f39000 	C:\Users\valmi\.jdks\ms-17.0.18\bin\msvcp140.dll
0x00007fff071f0000 - 0x00007fff07e6a000 	C:\Users\valmi\.jdks\ms-17.0.18\bin\server\jvm.dll
0x00007fffc7ff0000 - 0x00007fffc80a6000 	C:\WINDOWS\System32\ADVAPI32.dll
0x00007fffc7010000 - 0x00007fffc70ba000 	C:\WINDOWS\System32\sechost.dll
0x00007fffc8c80000 - 0x00007fffc8d98000 	C:\WINDOWS\System32\RPCRT4.dll
0x00007fffc79b0000 - 0x00007fffc7a30000 	C:\WINDOWS\System32\WS2_32.dll
0x00007fffc61f0000 - 0x00007fffc624e000 	C:\WINDOWS\SYSTEM32\POWRPROF.dll
0x00007fffbb990000 - 0x00007fffbb9c6000 	C:\WINDOWS\SYSTEM32\WINMM.dll
0x00007fffbab90000 - 0x00007fffbab9b000 	C:\WINDOWS\SYSTEM32\VERSION.dll
0x00007fffc61d0000 - 0x00007fffc61e4000 	C:\WINDOWS\SYSTEM32\UMPDC.dll
0x00007fffc47f0000 - 0x00007fffc480b000 	C:\WINDOWS\SYSTEM32\kernel.appcore.dll
0x00007fff87060000 - 0x00007fff8706a000 	C:\Users\valmi\.jdks\ms-17.0.18\bin\jimage.dll
0x00007fffc5b40000 - 0x00007fffc5d82000 	C:\WINDOWS\SYSTEM32\DBGHELP.DLL
0x00007fffc80e0000 - 0x00007fffc8463000 	C:\WINDOWS\System32\combase.dll
0x00007fffc76b0000 - 0x00007fffc7789000 	C:\WINDOWS\System32\OLEAUT32.dll
0x00007fffc5a30000 - 0x00007fffc5a6b000 	C:\WINDOWS\SYSTEM32\dbgcore.DLL
0x00007fffc6dc0000 - 0x00007fffc6e68000 	C:\WINDOWS\System32\bcryptPrimitives.dll
0x00007fff855e0000 - 0x00007fff855ef000 	C:\Users\valmi\.jdks\ms-17.0.18\bin\instrument.dll
0x00007fff7a9c0000 - 0x00007fff7a9e6000 	C:\Users\valmi\.jdks\ms-17.0.18\bin\java.dll
0x00007fff43610000 - 0x00007fff436e6000 	C:\Users\valmi\.jdks\ms-17.0.18\bin\jsvml.dll
0x00007fffc8470000 - 0x00007fffc8bf4000 	C:\WINDOWS\System32\SHELL32.dll
0x00007fffc3500000 - 0x00007fffc3d80000 	C:\WINDOWS\SYSTEM32\windows.storage.dll
0x00007fffc7790000 - 0x00007fffc7886000 	C:\WINDOWS\System32\SHCORE.dll
0x00007fffc7a40000 - 0x00007fffc7aa7000 	C:\WINDOWS\System32\shlwapi.dll
0x00007fffc62b0000 - 0x00007fffc62d9000 	C:\WINDOWS\SYSTEM32\profapi.dll
0x00007fff7ea90000 - 0x00007fff7eaa8000 	C:\Users\valmi\.jdks\ms-17.0.18\bin\zip.dll
0x00007fff79450000 - 0x00007fff7946b000 	C:\Users\valmi\.jdks\ms-17.0.18\bin\net.dll
0x00007fffbb720000 - 0x00007fffbb849000 	C:\WINDOWS\SYSTEM32\WINHTTP.dll
0x00007fffc4d20000 - 0x00007fffc4d8c000 	C:\WINDOWS\system32\mswsock.dll
0x00007fff80ab0000 - 0x00007fff80ac6000 	C:\Users\valmi\.jdks\ms-17.0.18\bin\nio.dll
0x00007fff86ae0000 - 0x00007fff86af0000 	C:\Users\valmi\.jdks\ms-17.0.18\bin\verify.dll
0x00007fff46d50000 - 0x00007fff46d77000 	C:\Users\valmi\.gradle\native\68d5fa5c4cc2d200863cafc0d521ce42e7d3e7ee720ec0a83991735586a16f82\windows-amd64\native-platform.dll
0x00007fff38070000 - 0x00007fff381b4000 	C:\Users\valmi\.gradle\native\e376f236ea51e6404a007f0833ffe2c6e607c4080706a723a18a27aeea778392\windows-amd64\native-platform-file-events.dll
0x00007fff867b0000 - 0x00007fff867ba000 	C:\Users\valmi\.jdks\ms-17.0.18\bin\management.dll
0x00007fff85c90000 - 0x00007fff85c9c000 	C:\Users\valmi\.jdks\ms-17.0.18\bin\management_ext.dll
0x00007fffc7550000 - 0x00007fffc7558000 	C:\WINDOWS\System32\PSAPI.DLL
0x00007fffc5eb0000 - 0x00007fffc5ecb000 	C:\WINDOWS\SYSTEM32\CRYPTSP.dll
0x00007fffc5090000 - 0x00007fffc50c9000 	C:\WINDOWS\system32\rsaenh.dll
0x00007fffc4d90000 - 0x00007fffc4dc3000 	C:\WINDOWS\SYSTEM32\USERENV.dll
0x00007fffc6280000 - 0x00007fffc62aa000 	C:\WINDOWS\SYSTEM32\bcrypt.dll
0x00007fffc52f0000 - 0x00007fffc52fc000 	C:\WINDOWS\SYSTEM32\CRYPTBASE.dll
0x00007fffc42e0000 - 0x00007fffc4313000 	C:\WINDOWS\SYSTEM32\IPHLPAPI.DLL
0x00007fffc78b0000 - 0x00007fffc78ba000 	C:\WINDOWS\System32\NSI.dll
0x00007fffbeaf0000 - 0x00007fffbeb0d000 	C:\WINDOWS\SYSTEM32\dhcpcsvc6.DLL
0x00007fffbe610000 - 0x00007fffbe635000 	C:\WINDOWS\SYSTEM32\dhcpcsvc.DLL
0x00007fffc43b0000 - 0x00007fffc44fa000 	C:\WINDOWS\SYSTEM32\DNSAPI.dll
0x00007fffc4b20000 - 0x00007fffc4b2d000 	C:\WINDOWS\SYSTEM32\DSPARSE.dll
0x00007fff85b50000 - 0x00007fff85b59000 	C:\Users\valmi\.jdks\ms-17.0.18\bin\extnet.dll
0x00007fff83530000 - 0x00007fff8353e000 	C:\Users\valmi\.jdks\ms-17.0.18\bin\sunmscapi.dll
0x00007fffc6710000 - 0x00007fffc6888000 	C:\WINDOWS\System32\CRYPT32.dll
0x00007fffc5450000 - 0x00007fffc5480000 	C:\WINDOWS\SYSTEM32\ncrypt.dll
0x00007fffc5400000 - 0x00007fffc543f000 	C:\WINDOWS\SYSTEM32\NTASN1.dll
0x00007fff948a0000 - 0x00007fff948a8000 	C:\WINDOWS\system32\wshunix.dll
0x00007fff96c30000 - 0x00007fff96c48000 	C:\WINDOWS\system32\napinsp.dll
0x00007fff96b60000 - 0x00007fff96b73000 	C:\WINDOWS\System32\winrnr.dll
0x00007fff96b30000 - 0x00007fff96b52000 	C:\WINDOWS\system32\nlansp_c.dll
0x00007fffba750000 - 0x00007fffba766000 	C:\WINDOWS\system32\wshbth.dll
0x00007fffbb9d0000 - 0x00007fffbb9db000 	C:\Windows\System32\rasadhlp.dll
0x00007fffbeb60000 - 0x00007fffbebe6000 	C:\WINDOWS\System32\fwpuclnt.dll
0x00007fffc5b00000 - 0x00007fffc5b36000 	C:\WINDOWS\SYSTEM32\ntmarta.dll

dbghelp: loaded successfully - version: 4.0.5 - missing functions: none
symbol engine: initialized successfully - sym options: 0x614 - pdb path: .;C:\Users\valmi\.jdks\ms-17.0.18\bin;C:\WINDOWS\SYSTEM32;C:\WINDOWS\WinSxS\amd64_microsoft.windows.common-controls_6595b64144ccf1df_6.0.26100.8521_none_3e08b75ce33403b3;C:\Users\valmi\.jdks\ms-17.0.18\bin\server;C:\Users\valmi\.gradle\native\68d5fa5c4cc2d200863cafc0d521ce42e7d3e7ee720ec0a83991735586a16f82\windows-amd64;C:\Users\valmi\.gradle\native\e376f236ea51e6404a007f0833ffe2c6e607c4080706a723a18a27aeea778392\windows-amd64

VM Arguments:
jvm_args: -XX:MaxMetaspaceSize=512m --add-opens=java.base/java.util=ALL-UNNAMED --add-opens=java.base/java.lang=ALL-UNNAMED --add-opens=java.base/java.lang.invoke=ALL-UNNAMED --add-opens=java.prefs/java.util.prefs=ALL-UNNAMED --add-opens=java.base/java.nio.charset=ALL-UNNAMED --add-opens=java.base/java.net=ALL-UNNAMED --add-opens=java.base/java.util.concurrent.atomic=ALL-UNNAMED -Xmx2048m -Dfile.encoding=windows-1252 -Duser.country=US -Duser.language=en -Duser.variant -javaagent:C:\Users\valmi\.gradle\wrapper\dists\gradle-8.3-all\6en3ugtfdg5xnpx44z4qbwgas\gradle-8.3\lib\agents\gradle-instrumentation-agent-8.3.jar 
java_command: org.gradle.launcher.daemon.bootstrap.GradleDaemon 8.3
java_class_path (initial): C:\Users\valmi\.gradle\wrapper\dists\gradle-8.3-all\6en3ugtfdg5xnpx44z4qbwgas\gradle-8.3\lib\gradle-launcher-8.3.jar
Launcher Type: SUN_STANDARD

[Global flags]
     intx CICompilerCount                          = 4                                         {product} {ergonomic}
   size_t CompressedClassSpaceSize                 = 436207616                                 {product} {ergonomic}
     uint ConcGCThreads                            = 2                                         {product} {ergonomic}
     uint G1ConcRefinementThreads                  = 8                                         {product} {ergonomic}
   size_t G1HeapRegionSize                         = 1048576                                   {product} {ergonomic}
    uintx GCDrainStackTargetSize                   = 64                                        {product} {ergonomic}
   size_t InitialHeapSize                          = 130023424                                 {product} {ergonomic}
   size_t MarkStackSize                            = 4194304                                   {product} {ergonomic}
   size_t MaxHeapSize                              = 2147483648                                {product} {command line}
   size_t MaxMetaspaceSize                         = 536870912                                 {product} {command line}
   size_t MaxNewSize                               = 1287651328                                {product} {ergonomic}
   size_t MinHeapDeltaBytes                        = 1048576                                   {product} {ergonomic}
   size_t MinHeapSize                              = 8388608                                   {product} {ergonomic}
    uintx NonNMethodCodeHeapSize                   = 5839372                                {pd product} {ergonomic}
    uintx NonProfiledCodeHeapSize                  = 122909434                              {pd product} {ergonomic}
    uintx ProfiledCodeHeapSize                     = 122909434                              {pd product} {ergonomic}
    uintx ReservedCodeCacheSize                    = 251658240                              {pd product} {ergonomic}
     bool SegmentedCodeCache                       = true                                      {product} {ergonomic}
   size_t SoftMaxHeapSize                          = 2147483648                             {manageable} {ergonomic}
     bool UseCompressedClassPointers               = true                           {product lp64_product} {ergonomic}
     bool UseCompressedOops                        = true                           {product lp64_product} {ergonomic}
     bool UseG1GC                                  = true                                      {product} {ergonomic}
     bool UseLargePagesIndividualAllocation        = false                                  {pd product} {ergonomic}

Logging:
Log output configuration:
 #0: stdout all=warning uptime,level,tags
 #1: stderr all=off uptime,level,tags

Environment Variables:
JAVA_HOME=C:\Users\valmi\.jdks\ms-17.0.18
CLASSPATH=D:\TempFinservApp\android\\gradle\wrapper\gradle-wrapper.jar
PATH=C:/Users/valmi/.gemini/antigravity-ide/bin;C:\Users\valmi\AppData\Local\Android\Sdk;C:\Users\valmi\.jdks\ms-17.0.18\bin;C:\WINDOWS\system32;C:\WINDOWS;C:\WINDOWS\System32\Wbem;C:\WINDOWS\System32\WindowsPowerShell\v1.0\;C:\WINDOWS\System32\OpenSSH\;C:\Program Files\MySQL\MySQL Server 8.0\bin;C:\Program Files\Git\cmd;C:\Users\valmi\AppData\Local\Android\Sdk\platform-tools;%NVM_HOME%;%NVM_SYMLINK%;C:\Program Files\nodejs\;C:\Users\valmi\AppData\Local\Android\Sdk\tools;C:\Users\valmi\AppData\Local\Android\Sdk;C:\Users\valmi\AppData\Local\Programs\Python\Python311\Scripts\;C:\Users\valmi\AppData\Local\Programs\Python\Python311\;C:\Users\valmi\AppData\Local\Microsoft\WindowsApps;C:\Users\valmi\AppData\Local\Programs\Microsoft VS Code\bin;C:\Users\valmi\AppData\Local\Programs\cursor\resources\app\bin;D:\Working Pune\Antigravity\bin;C:\Users\valmi\.jdks\ms-17.0.18\bin;C:\Users\valmi\AppData\Local\Android\Sdk\platform-tools;C:\Users\valmi\AppData\Local\nvm;C:\nvm4w\nodejs;C:\Users\valmi\AppData\Local\Programs\Antigravity IDE\bin;C:\Users\valmi\AppData\Roaming\npm
USERNAME=valmi
OS=Windows_NT
PROCESSOR_IDENTIFIER=Intel64 Family 6 Model 140 Stepping 1, GenuineIntel
TMP=C:\Users\valmi\AppData\Local\Temp
TEMP=C:\Users\valmi\AppData\Local\Temp



Periodic native trim disabled


---------------  S Y S T E M  ---------------

OS:
 Windows 11 , 64 bit Build 26100 (10.0.26100.8521)
OS uptime: 3 days 3:09 hours

CPU: total 8 (initial active 8) (4 cores per cpu, 2 threads per core) family 6 model 140 stepping 1 microcode 0x86, cx8, cmov, fxsr, ht, mmx, 3dnowpref, sse, sse2, sse3, ssse3, sse4.1, sse4.2, popcnt, lzcnt, tsc, tscinvbit, avx, avx2, aes, erms, clmul, bmi1, bmi2, adx, avx512f, avx512dq, avx512cd, avx512bw, avx512vl, sha, fma, vzeroupper, avx512_vpopcntdq, avx512_vpclmulqdq, avx512_vaes, avx512_vnni, clflush, clflushopt, clwb, avx512_vbmi2, avx512_vbmi
Processor Information for processor 0
  Max Mhz: 2419, Current Mhz: 1209, Mhz Limit: 2419
Processor Information for processor 1
  Max Mhz: 2419, Current Mhz: 2419, Mhz Limit: 2419
Processor Information for processor 2
  Max Mhz: 2419, Current Mhz: 2419, Mhz Limit: 2419
Processor Information for processor 3
  Max Mhz: 2419, Current Mhz: 2419, Mhz Limit: 2419
Processor Information for processor 4
  Max Mhz: 2419, Current Mhz: 2419, Mhz Limit: 2419
Processor Information for processor 5
  Max Mhz: 2419, Current Mhz: 2419, Mhz Limit: 2419
Processor Information for processor 6
  Max Mhz: 2419, Current Mhz: 2419, Mhz Limit: 2419
Processor Information for processor 7
  Max Mhz: 2419, Current Mhz: 2419, Mhz Limit: 2419

Memory: 4k page, system-wide physical 7886M (908M free)
TotalPageFile size 32462M (AvailPageFile size 3M)
current process WorkingSet (physical memory assigned to process): 255M, peak: 453M
current process commit charge ("private bytes"): 602M, peak: 613M

vm_info: OpenJDK 64-Bit Server VM (17.0.18+8-LTS) for windows-amd64 JRE (17.0.18+8-LTS), built on Jan 15 2026 18:50:45 by "MicrosoftCorporation" with MS VC++ 17.14 (VS2022)

END.
